enhanced_svm_neg,enhanced_svm_neu,enhanced_svm_pos
0.48734791534169364,0.2857834678268868,0.22686861683141954
0.25146091119111547,0.29896054204246664,0.4495785467664179
0.29475871201932247,0.1752271094048791,0.5300141785757984
0.13792456034411835,0.27324150488427973,0.588833934771602
0.3681305417764743,0.4677011108904945,0.1641683473330312
0.27257026423561864,0.534798182693507,0.19263155307087437
0.5818491192077289,0.2695851854208143,0.14856569537145695
0.2422904175767308,0.4132173545647773,0.344492227858492
0.23488386487433932,0.4653404157401797,0.299775719385481
0.33921956175457574,0.3583548491369061,0.30242558910851813
0.26674375679321366,0.5488555003527978,0.18440074285398841
0.3187970623098003,0.32969480616640945,0.3515081315237903
0.6150542466879704,0.24242310601769107,0.14252264729433858
0.4008054374898043,0.36674376771292844,0.23245079479726724
0.33398774366075284,0.4124307738680064,0.2535814824712406
0.10992729754445302,0.3141829351087481,0.5758897673467989
0.44777669571019124,0.3161773557616878,0.2360459485281209
0.27441946702173037,0.2997444030435969,0.4258361299346727
0.25025769632298206,0.3605808752255199,0.389161428451498
0.27368925137630407,0.4929817107185651,0.23332903790513088
0.3871258457441629,0.4587108080988899,0.15416334615694718
0.38057392110047306,0.3175024134717344,0.3019236654277926
0.22062327166490744,0.373789366948205,0.4055873613868876
0.42011382445732126,0.2908090160259958,0.289077159516683
0.3915025613450281,0.45185478082031094,0.15664265783466094
0.18070553829016392,0.348988398316529,0.4703060633933071
0.28138208503140616,0.42104703565272533,0.2975708793158686
0.44676014832151745,0.2960607240205368,0.25717912765794576
0.4051727892833907,0.288889112611066,0.3059380981055433
0.3007743447419315,0.32108056170264204,0.37814509355542647
0.32760351772137725,0.23953273922752732,0.4328637430510953
0.2809603671938285,0.6353894601306483,0.08365017267552326
0.1970851782183023,0.4622543375097399,0.34066048427195783
0.30727564078335673,0.287939182236813,0.4047851769798302
0.25100314341577085,0.28748391217141017,0.4615129444128189
0.19647971924930047,0.4214555800965394,0.38206470065416015
0.5807893509544748,0.2842245685656771,0.134986080479848
0.4176962750595838,0.33117028649230834,0.2511334384481078
0.48764046897952046,0.33696214818438286,0.17539738283609665
0.44461268203896187,0.28580880331592484,0.2695785146451134
0.3196168723855139,0.3436573945027477,0.3367257331117384
0.46492040449003175,0.32580272490529666,0.20927687060467148
0.4300571884163806,0.18154880138118762,0.3883940102024317
0.3179135289731847,0.4773522891270118,0.2047341818998034
0.5928048390935532,0.34814740243863074,0.059047758467816146
0.6191293287063321,0.1980873637758813,0.18278330751778668
0.18346209134603647,0.34132781967275616,0.4752100889812074
0.5974760367818526,0.3189133350690527,0.08361062814909466
0.19581502396633563,0.12989603940707556,0.6742889366265888
0.28350435077558733,0.3594931003383333,0.3570025488860794
0.3258834103605858,0.3441503188341399,0.3299662708052742
0.4002648345939622,0.2613477482237611,0.3383874171822766
0.276177267761989,0.5524043831353674,0.17141834910264347
0.44616926434236903,0.1930325810237032,0.3607981546339278
0.3485316265994632,0.3443846170814653,0.3070837563190714
0.4458084476404384,0.3630064054082872,0.19118514695127442
0.3635166471626274,0.3325412010334181,0.3039421518039545
0.3700952858730149,0.3443162099235491,0.28558850420343596
0.3354816609622391,0.3927857940026229,0.2717325450351379
0.25051870920815456,0.5126984498583279,0.2367828409335175
0.20015441480885385,0.4519079186966085,0.34793766649453767
0.374292625294291,0.42279812454408805,0.202909250161621
0.4532419895743461,0.2968249902580669,0.249933020167587
0.4402501022557603,0.17108545343749687,0.3886644443067429
0.33243433026439656,0.34209929953334217,0.32546637020226116
0.2679136117638671,0.33854863655921347,0.3935377516769195
0.27346873461779386,0.31881192572963374,0.4077193396525723
0.3624683703899597,0.2877754109321125,0.3497562186779278
0.11622695866313434,0.30440621609464846,0.5793668252422173
0.31761877154102375,0.2997888412962488,0.38259238716272737
0.44580512792195953,0.24173889116201971,0.3124559809160209
0.34468006102085474,0.32389536204425023,0.3314245769348951
0.4890593603455525,0.32400684432578375,0.18693379532866375
0.19566124867294715,0.4701317670218575,0.3342069843051954
0.5095383260971853,0.2723143659219261,0.2181473079808886
0.2349115113133719,0.3053399071421556,0.4597485815444725
0.4393046426382203,0.2136540264106669,0.3470413309511129
0.3431678941002788,0.28193011363196624,0.37490199226775484
0.3836285964373563,0.44735860248724374,0.1690128010754
0.22005546238945137,0.3567282960816573,0.4232162415288913
0.5030283973142364,0.3174602122516134,0.1795113904341503
0.35347258173391294,0.43577608670459056,0.21075133156149634
0.365276402319951,0.43428703325723206,0.2004365644228169
0.24231139913437072,0.5545834559457291,0.20310514491990014
0.29022606602128515,0.27734061409787764,0.43243331988083716
0.39557665478733994,0.32802663718837977,0.27639670802428024
0.40480779963273533,0.38065703487384517,0.21453516549341953
0.3779982296625862,0.31645979276141756,0.30554197757599627
0.5352784783655632,0.2675345426040175,0.19718697903041923
0.4285436102887705,0.3427483328100405,0.22870805690118884
0.3659181763160927,0.3677355300372944,0.26634629364661283
0.15305456704133116,0.4091242436674841,0.43782118929118474
0.22007541673418743,0.4703909969330192,0.30953358633279326
0.4781127193328945,0.17054496136053487,0.3513423193065708
0.1787627073258398,0.39117062169269834,0.43006667098146195
0.36289958188984583,0.3134373714449781,0.3236630466651759
0.35443265631266646,0.3021372546272961,0.3434300890600376
0.3264969937840098,0.4125781452453929,0.2609248609705973
0.31698649251966465,0.378172380769632,0.30484112671070335
0.4043216538333578,0.3489601618305795,0.24671818433606277
0.08471166179757987,0.35869119618575424,0.556597142016666
0.17721533944142556,0.2643949638531865,0.5583896967053879
0.2783418734444323,0.5270344808510773,0.19462364570449045
0.32647974852628203,0.3500246922546643,0.3234955592190535
0.23316602940010953,0.5604455378596839,0.20638843274020663
0.17912340757447573,0.44030248719513365,0.38057410523039065
0.15342657630147544,0.2012769051159592,0.6452965185825654
0.3776587498085956,0.40941796996035124,0.21292328023105306
0.3868391826455671,0.4265323861416445,0.1866284312127884
0.1318069427561989,0.16178920509865818,0.7064038521451429
0.3880602906545748,0.31312680122478115,0.29881290812064415
0.4535252551885342,0.16831833359013923,0.37815641122132665
0.47902505000797746,0.2945229431543231,0.22645200683769937
0.3470834017561417,0.35605626368605814,0.29686033455780003
0.42353786115069725,0.37774079569358154,0.19872134315572124
0.341107502736954,0.39429411349358623,0.2645983837694598
0.37202817492391577,0.31602034675765023,0.3119514783184341
0.20671364466195244,0.47000383217004515,0.32328252316800243
0.4696079320733423,0.3713121832367035,0.1590798846899543
0.2546800731868674,0.328886520787423,0.4164334060257096
0.42678131677355785,0.3856544319655292,0.18756425126091286
0.38443888740220233,0.39601404694681014,0.21954706565098747
0.4574278984638263,0.2846253977267584,0.25794670380941537
0.26036955875623535,0.32695023467002265,0.4126802065737421
0.3063875960739158,0.3697826065765181,0.3238297973495661
0.3551009739781894,0.4451638407731419,0.19973518524866868
0.07415035093972562,0.4982198835629,0.42762976549737447
0.2192502377154046,0.42902936894284277,0.3517203933417527
0.40526022584581217,0.2703054644017625,0.3244343097524253
0.3077527240385295,0.41526184739667055,0.27698542856479996
0.2719933618344194,0.5203195062646908,0.20768713190088978
0.1975923276267257,0.3310905470116485,0.47131712536162573
0.40690530848508183,0.41675589877057,0.17633879274434827
0.38887497005036903,0.4084411208552097,0.20268390909442127
0.2938121069560081,0.5783170881519735,0.1278708048920184
0.4017714774454111,0.14864759912141726,0.4495809234331716
0.5522002878832541,0.27126542383775387,0.17653428827899192
0.22677257503569298,0.2879992389438804,0.48522818602042656
0.1581655962510089,0.4670653543041631,0.3747690494448281
0.2551728309898682,0.35346290722476437,0.39136426178536743
0.29108538004150114,0.08950035215741661,0.6194142678010823
0.15805008867283782,0.45399723574066675,0.3879526755864955
0.4848034448214169,0.29363178334194895,0.2215647718366341
0.4092467414562795,0.29988709093744415,0.29086616760627637
0.34936352137731885,0.24288137061782206,0.4077551080048591
0.3423603140106239,0.43586743673698103,0.221772249252395
0.2111739761981019,0.4436645011561611,0.3451615226457371
0.3350911927834707,0.3910133685286165,0.2738954386879128
0.6616378897863772,0.2626968443679997,0.0756652658456231
0.3559845793830046,0.3891847284754401,0.25483069214155524
0.3296567529528217,0.30226183693811276,0.3680814101090657
0.6009168318335152,0.30499803892047295,0.09408512924601188
0.20182048441599082,0.35777039592857496,0.44040911965543417
0.4442443389846414,0.2240409657836132,0.33171469523174546
0.09004449223823226,0.4566114765130902,0.4533440312486775
0.310846416648084,0.2894573256733066,0.3996962576786094
0.2741378964632539,0.3649579698795558,0.3609041336571901
0.3279077016870997,0.6009489446479758,0.07114335366492457
0.3763690514254784,0.4485012354157857,0.17512971315873604
0.6188510538492742,0.27209649449265705,0.10905245165806879
0.38994509432720253,0.35765350482787517,0.2524014008449223
0.28436392046950565,0.410174803333314,0.30546127619718033
0.1547125478341148,0.5573703132510351,0.2879171389148501
0.14256086831871528,0.35990739675516514,0.49753173492611963
0.4300687013451253,0.32940529917013595,0.24052599948473863
0.636954794627914,0.18118463689254422,0.1818605684795417
0.13779356302983783,0.38978713187580466,0.4724193050943576
0.5904729313884188,0.3394757942254543,0.07005127438612689
0.4610317520838076,0.3836136528991607,0.15535459501703172
0.48526346986001745,0.375767028346031,0.13896950179395154
0.42135390863860467,0.34046154637197595,0.23818454498941943
0.23143400238820172,0.3800141958765332,0.38855180173526516
0.15784573433213403,0.43234554197851044,0.4098087236893555
0.27082581275987117,0.3523503875599917,0.376823799680137
0.079713183398889,0.5949311022337002,0.32535571436741084
0.5043764025508894,0.3803425578974991,0.11528103955161137
0.38373674168549987,0.40439236903731496,0.211870889277185
0.23491504944000802,0.3002538602507519,0.46483109030924025
0.29906789285261604,0.3863233694782598,0.31460873766912417
0.4831233950407096,0.3259397682168956,0.19093683674239487
0.2648783699060497,0.31260955693816933,0.4225120731557808
0.3430265994113868,0.3959220008464948,0.2610513997421184
0.39674054342616727,0.470057998061639,0.13320145851219375
0.5953359454506488,0.3553269090711748,0.04933714547817631
0.37538901788736,0.33941264100641577,0.2851983411062243
0.44347060920552417,0.2552258306910008,0.30130356010347514
0.31120670020569624,0.3024463936258061,0.38634690616849754
0.4511304497677363,0.31854696611606115,0.23032258411620246
0.335131920707582,0.3681239332775964,0.2967441460148216
0.5552353506234615,0.3376047746150673,0.10715987476147117
0.33175890616392356,0.18061312961009052,0.4876279642259859
0.4791146059154173,0.35797373161448487,0.1629116624700978
0.18553123513133055,0.12469380794189935,0.68977495692677
0.1265884619854302,0.3763580846214825,0.4970534533930874
0.22659683357123572,0.5091972437793755,0.26420592264938875
0.5211508068993984,0.3174882619162026,0.1613609311843989
0.48906901684261245,0.38886545216066953,0.12206553099671788
0.3637110147397971,0.31322620019442055,0.3230627850657823
0.23023440562951658,0.44601247302191566,0.32375312134856776
0.301519286520592,0.3740159920526422,0.3244647214267659
0.07355671879452869,0.2841233641017051,0.6423199171037662
0.3192584902882205,0.3266488357769826,0.3540926739347968
0.25290433681078534,0.307929008787007,0.4391666544022076
0.45469248926715955,0.36080788075436215,0.18449962997847819
0.34727577052565944,0.3920436893715653,0.26068054010277525
0.34913186898455234,0.3896141289253027,0.26125400209014504
0.5117597158508648,0.3220277880616758,0.16621249608745944
0.3967692951886658,0.23979120345263275,0.36343950135870146
0.4041195731506191,0.1811979906779617,0.41468243617141926
0.28484999229329594,0.2911707097513095,0.42397929795539474
0.2611877473742614,0.22690175317560296,0.5119104994501357
0.2366494842749222,0.41350998460735305,0.34984053111772473
0.25985357798779374,0.3262424716483668,0.41390395036383953
0.26168443817664994,0.1628099917199033,0.5755055701034468
0.41911481717191384,0.23061050199775507,0.350274680830331
0.3458079731062403,0.32109234182167495,0.3330996850720848
0.37361663417103136,0.5345554481640911,0.09182791766487762
0.30891412351262276,0.3738408400944774,0.3172450363928998
0.19305764501887937,0.3276760356055945,0.47926631937552616
0.14889195664845248,0.5669877225876996,0.284120320763848
0.20123343902118676,0.6189237136847894,0.17984284729402383
0.4059238447628786,0.3765513441173195,0.21752481111980182
0.3796748637021771,0.36721655132783493,0.253108584969988
0.5118086099473216,0.3056211891655445,0.18257020088713394
0.1655314836221902,0.30535048260088765,0.5291180337769222
0.42226171220424846,0.37029509657352994,0.2074431912222216
0.495972302750635,0.38437859581358397,0.11964910143578092
0.3404599949474839,0.4766134124898799,0.1829265925626362
0.4161068091095554,0.4050639283707833,0.17882926251966136
0.3635166471626274,0.3325412010334181,0.3039421518039545
0.3342975227653213,0.3516539469604914,0.31404853027418733
0.378695898848827,0.3409575853783581,0.28034651577281494
0.28579137974748825,0.34609408552776794,0.3681145347247437
0.43490665983682786,0.346014960284108,0.21907837987906414
0.40182443806645424,0.3003922439635269,0.29778331797001906
0.45752893672986394,0.2266966816547007,0.3157743816154355
0.3582129252088218,0.3230897487766721,0.31869732601450607
0.2921962765311041,0.16477343016923707,0.5430302932996589
0.5419410992958025,0.27457557347566663,0.1834833272285309
0.3753111931089807,0.39341085374705437,0.2312779531439649
0.3032995406225107,0.4538746614309906,0.24282579794649878
0.21256080897713137,0.7066264831492108,0.08081270787365781
0.4512284401456745,0.3551105617990985,0.19366099805522707
0.41955851791444243,0.30524362184277687,0.2751978602427806
0.24885786973517876,0.5248580993884493,0.2262840308763719
0.18613632891174656,0.44426494802926914,0.3695987230589843
0.4939984436115821,0.4205373507681872,0.08546420562023058
0.3213935700807663,0.36445572427959105,0.31415070563964265
0.33016444419676394,0.2755887722471342,0.39424678355610193
0.2140405110613779,0.4564089819870426,0.32955050695157945
0.32102323582490633,0.3705419429842281,0.30843482119086557
0.15963685249740575,0.5155722166896505,0.32479093081294363
0.31959050923551136,0.4538072219657101,0.22660226879877854
0.37635691578887676,0.466920437944054,0.15672264626706928
0.1409901729591306,0.43150373089140814,0.4275060961494612
0.15919113360833956,0.2310379751219658,0.6097708912696946
0.2853769832990783,0.24773507289858793,0.4668879438023338
0.26942832368331354,0.3158175251155542,0.41475415120113224
0.34021771715077503,0.25345500326690634,0.40632727958231873
0.14227330810800592,0.32640241749497906,0.531324274397015
0.4006298266825536,0.40255342454806387,0.19681674876938254
0.40476271262528096,0.13707704363493983,0.45816024373977926
0.5260733712328934,0.2986116319359334,0.17531499683117324
0.29162585693055154,0.6435112418279219,0.06486290124152672
0.2404466856187773,0.4178486438504978,0.34170467053072495
0.2780713572623532,0.21550620436153925,0.5064224383761077
0.09509207986695971,0.24477886267554852,0.6601290574574917
0.4544670328756855,0.34454409250131685,0.20098887462299764
0.3265564184779425,0.3373983444851447,0.3360452370369128
0.3187679463716233,0.17084824211712932,0.5103838115112475
0.38778247872426475,0.36940918884549373,0.2428083324302415
0.437814205182861,0.37184809958081844,0.19033769523632046
0.20835220816058425,0.4379745572954048,0.35367323454401095
0.2703873140331904,0.34232128387168625,0.3872914020951234
0.394674728072288,0.5419477112067691,0.06337756072094299
0.41782145218229433,0.27712806248028743,0.30505048533741824
0.21642424430207938,0.5714191994537111,0.21215655624420945
0.26152822443383894,0.3287813791447148,0.40969039642144617
0.46004549480668877,0.3083528314498182,0.23160167374349305
0.27167238162770974,0.5709059981052508,0.15742162026703946
0.4835032379496079,0.30632011808720216,0.2101766439631898
0.5719466130733742,0.36716387013045715,0.060889516796168566
0.17774825681396642,0.2834310751706403,0.5388206680153933
0.39621378405647206,0.3135420915744098,0.2902441243691182
0.25211239281297276,0.2914268421246088,0.4564607650624185
0.2925701697832502,0.4896944156410788,0.217735414575671
0.28167736834405116,0.30304931615044806,0.4152733155055008
0.3394817851435861,0.47419614200765653,0.18632207284875738
0.19512474092926024,0.31791796112680665,0.486957297943933
0.3646491701189882,0.31312071326360674,0.32223011661740497
0.44626720135691333,0.2777450833421994,0.2759877153008872
0.2911217862824369,0.41672911817131025,0.2921490955462528
0.4750395225408606,0.3576222881927401,0.16733818926639937
0.45585884928853204,0.31928140532060684,0.2248597453908611
0.28392254701421743,0.33288333092901445,0.383194122056768
0.4072656042622126,0.20036662775214595,0.39236776798564155
0.34101867191569707,0.43365389295488455,0.22532743512941833
0.3464731297233653,0.3349434727481553,0.3185833975284795
0.312183169792574,0.3770617518767022,0.3107550783307238
0.25008473094892125,0.3995807857858474,0.3503344832652315
0.3204650499078761,0.37718384549475603,0.3023511045973678
0.24149034760574598,0.36254997610791345,0.39595967628634043
0.3958770008942902,0.4149588755228183,0.18916412358289145
0.11221803054750454,0.26977896457226824,0.6180030048802272
0.14072236368406796,0.30569125741574094,0.5535863789001911
0.31548582953360793,0.34165255279100043,0.3428616176753916
0.17704219406552713,0.3492743776681765,0.4736834282662965
0.28777502087669027,0.26965881450912205,0.4425661646141875
0.36647497978694554,0.2864440470544876,0.3470809731585668
0.4412281093076059,0.36624230638131255,0.19252958431108155
0.13082308358263567,0.3062634521586619,0.5629134642587025
0.2157902856131208,0.46926117263854644,0.31494854174833276
0.4098033198083029,0.22263514799337228,0.36756153219832477
0.5867473927986985,0.2784619083342147,0.13479069886708678
0.37033288443376244,0.4167620042788173,0.21290511128742032
0.5704758485837704,0.28275641292108444,0.14676773849514516
0.07713607068556726,0.3041723400882099,0.6186915892262229
0.28461766348187656,0.38214025394456824,0.3332420825735553
0.4205460108184997,0.36822256695472155,0.21123142222677882
0.20867785456304522,0.3249146478846996,0.46640749755225513
0.4539785109376317,0.34745363949225755,0.19856784957011075
0.2718368868763803,0.31440700629869595,0.41375610682492375
0.5144841941908074,0.2703282239324338,0.21518758187675877
0.5094922321788131,0.3015784589283389,0.18892930889284804
0.05101139176384954,0.5698168828932577,0.37917172534289273
0.4755448987149622,0.2720678016461685,0.2523872996388694
0.38118360722491995,0.5055102148540291,0.11330617792105091
0.307693842395403,0.37107939583178456,0.32122676177281256
0.43303584959844027,0.33894854907938726,0.22801560132217258
0.2772677061017137,0.23343845028645183,0.48929384361183453
0.22579962587891028,0.27882786153103467,0.49537251259005516
0.2634117355975953,0.38802544073857004,0.34856282366383473
0.33873753983930194,0.36039756792950883,0.3008648922311892
0.16465223120612266,0.1501114549670938,0.6852363138267835
0.3472827441311734,0.40317697359706245,0.24954028227176417
0.19718112938803162,0.6338980727620922,0.16892079784987624
0.3274036247612842,0.2877610556423569,0.3848353195963589
0.6154137466819639,0.2787416882344255,0.10584456508361052
0.5604952712255906,0.26911559025633575,0.1703891385180737
0.2776166184873177,0.17238614782420544,0.5499972336884767
0.3029176900176085,0.36537045148731523,0.33171185849507634
0.2985106882557954,0.22232673555701327,0.4791625761871913
0.2910432644412528,0.36224002254757337,0.34671671301117374
0.4615774293807078,0.17184403692230463,0.3665785336969877
0.2329462050678896,0.6144728487672113,0.15258094616489898
0.4871470754305023,0.2076580884789083,0.30519483609058945
0.6257347129062707,0.2545329651650767,0.11973232192865266
0.14296675393373298,0.43956807986470875,0.41746516620155827
0.1040707314304629,0.410027366759248,0.4859019018102891
0.28917302232987036,0.32763145327212073,0.38319552439800875
0.08471606530168593,0.39316303356503624,0.5221209011332778
0.6546134829573359,0.20858615638766825,0.13680036065499573
0.18484142152138167,0.3713905910915903,0.44376798738702794
0.38378536180202655,0.3831444114573026,0.23307022674067077
0.47454218918714336,0.3925956241901326,0.13286218662272403
0.3971237973460406,0.3433569809938007,0.25951922166015884
0.3327719248769895,0.483006050845889,0.18422202427712156
0.06952240897803631,0.24590617698302517,0.6845714140389385
0.35766752281889236,0.44181963696233356,0.20051284021877408
0.2709809164984636,0.33237792163713936,0.3966411618643971
0.4398477262509602,0.34175516007246404,0.21839711367657577
0.37816857657092967,0.4239492939258806,0.19788212950318973
0.5119156878120976,0.3097303664499071,0.17835394573799526
0.4647743396893307,0.36304368139936394,0.17218197891130532
0.4564645614198228,0.23451000238547035,0.30902543619470674
0.41102202958595596,0.3177734026257071,0.271204567788337
0.31409494275148947,0.4008656820586512,0.28503937518985933
0.33438376184355023,0.3304275950468669,0.3351886431095828
0.33186345245057775,0.25058518298479593,0.4175513645646264
0.6126135922732672,0.3192095236020858,0.06817688412464704
0.5927050389978563,0.2887328563376854,0.1185621046644582
0.3977608334358546,0.1929575530642922,0.40928161349985326
0.24886916077212815,0.444871951529676,0.30625888769819587
0.13741773971442323,0.3610977715046861,0.5014844887808907
0.17292635563446668,0.34500856748011893,0.48206507688541433
0.16765156643631918,0.3876987935296903,0.44464964003399066
0.4071331639486858,0.42804825895232157,0.16481857709899256
0.4329841267669111,0.3927635648452564,0.17425230838783257
0.5619115487102264,0.3555310602174422,0.08255739107233138
0.19464524270035083,0.6560713448320863,0.14928341246756296
0.2359979649362921,0.29389063287677847,0.4701114021869294
0.35485409724365086,0.22476403235187545,0.4203818704044736
0.42672016959607556,0.2598040174899206,0.31347581291400395
0.3054843915918658,0.3932808491094152,0.301234759298719
0.3215095403543837,0.31141037658389437,0.36708008306172196
0.21764565959734614,0.4449716307659872,0.33738270963666656
0.2771819663396027,0.32942391393657455,0.39339411972382277
0.2827645930052748,0.39317173121083143,0.32406367578389367
0.2328104091187078,0.4117910953229894,0.3553984955583029
0.290928907555409,0.45881071345112173,0.2502603789934693
0.3377976413838698,0.39402745333510086,0.26817490528102933
0.3620054492218089,0.5480024002030416,0.08999215057514953
0.5247253512016731,0.32162193668349215,0.15365271211483472
0.5012041888524013,0.3434654413698443,0.15533036977775444
0.29319595812164534,0.5725465291834358,0.13425751269491878
0.41209155741233056,0.31119307541908336,0.276715367168586
0.40312468483188935,0.2917407019713609,0.30513461319674984
0.26092163070683905,0.26495667094001457,0.4741216983531463
0.34547656137177246,0.4132311373388869,0.24129230128934068
0.36094114156338525,0.39904684419142694,0.24001201424518773
0.3705203020817142,0.34650332855295296,0.2829763693653328
0.624362392181288,0.2688835914624394,0.10675401635627259
0.569280536017686,0.2779785062542576,0.1527409577280565
0.6703634240123545,0.291925715081755,0.03771086090589049
0.33631936239781385,0.3474064324525874,0.3162742051495988
0.3029617193201363,0.3735991782148084,0.3234391024650551
0.5822166978944768,0.25092615474634167,0.16685714735918147
0.297032930431427,0.4615180119617161,0.2414490576068568
0.13982061516221314,0.5508864362741199,0.30929294856366696
0.08880282317831069,0.301904321710406,0.6092928551112832
0.2841993530082812,0.319950201565816,0.3958504454259027
0.18499106327400386,0.18632104207791547,0.6286878946480807
0.4356940384921051,0.23298798309116017,0.3313179784167348
0.33162782702494503,0.4176144693793406,0.25075770359571437
0.31956402274334467,0.40520446919707426,0.2752315080595811
0.3689716063482398,0.43242552838593146,0.19860286526582874
0.4766315704100924,0.3479859993213632,0.17538243026854425
0.30526246527905077,0.36388285697469364,0.33085467774625554
0.5473933382771242,0.2190960336130695,0.23351062810980622
0.35327793287434167,0.3419221174801959,0.3047999496454625
0.45138852916407285,0.42108365443596707,0.12752781639996003
0.3759008336982709,0.49950584073870924,0.12459332556301989
0.18698101272943302,0.4251613531620023,0.38785763410856455
0.5270804872377814,0.3077506011555499,0.16516891160666858
0.2787034927466633,0.35050826637084953,0.37078824088248724
0.3346368298110482,0.5237451127816998,0.14161805740725208
0.47085645452245367,0.32263404025489417,0.20650950522265202
0.2052943936494624,0.38696039797586274,0.407745208374675
0.35342272597132096,0.4143804028617794,0.23219687116689963
0.4937678249108024,0.3562563805779331,0.14997579451126444
0.6200427680761236,0.3031955172372701,0.07676171468660642
0.08882419967498117,0.49294749598260157,0.41822830434241737
0.24884607727619465,0.511877768787829,0.23927615393597645
0.36292557886724813,0.17903956075082864,0.4580348603819232
0.5754149547572154,0.15529598336997186,0.2692890618728127
0.23743536581489796,0.3637640356231547,0.3988005985619474
0.40716042591348056,0.25890278807767053,0.3339367860088491
0.1705136270798377,0.33285059258884714,0.4966357803313153
0.19136010169060214,0.2296840859185204,0.5789558123908775
0.2452945356485266,0.3237480804864494,0.4309573838650241
0.28560265539896595,0.43355919126752845,0.28083815333350554
0.4692421392083017,0.3402288242789337,0.19052903651276448
0.142998215478704,0.3828890996585882,0.4741126848627078
0.30255163544572466,0.37686919950081743,0.32057916505345785
0.4276744599358943,0.15016021128883317,0.42216532877527246
0.47546105781337256,0.37758515445865853,0.14695378772796894
0.4073832967919268,0.2949185151042071,0.29769818810386617
0.5594301670714392,0.2938491822783984,0.14672065065016227
0.25439671016162235,0.35023697337914206,0.39536631645923553
0.3724853730761322,0.32360126697425656,0.30391335994961116
0.29692468544200973,0.345005883030858,0.3580694315271323
0.10268362806657316,0.3141937185131573,0.5831226534202696
0.32547206703682185,0.24358453697702345,0.43094339598615483
0.315775746946884,0.43477168650364295,0.24945256654947315
0.3116168832997768,0.41385290780588496,0.27453020889433816
0.2587055910018393,0.44923603688368896,0.2920583721144716
0.21048166692844983,0.4435682575973469,0.34595007547420326
0.3951192794498397,0.4396843044520814,0.1651964160980789
0.08959887983089408,0.31381469638078635,0.5965864237883196
0.5421964665906818,0.4019267669428404,0.05587676646647785
0.2733132327969596,0.2586829725937372,0.468003794609303
0.4920169035597022,0.2698363196439946,0.23814677679630317
0.31713509560017816,0.4307656637370448,0.25209924066277706
0.2871235390611555,0.42620574756619095,0.28667071337265365
0.28180240949264473,0.4975745592942639,0.22062303121309138
0.5416843607110414,0.3837958507882635,0.07451978850069513
0.1938725366765047,0.46026500998362146,0.34586245333987387
0.12107732709800624,0.18982235268275005,0.6891003202192437
0.3726551194207364,0.3880902000879239,0.2392546804913397
0.25294865613573425,0.3886998755815987,0.3583514682826672
0.4084973952357351,0.27490912719122057,0.31659347757304435
0.21367590574163545,0.18294129072154725,0.6033828035368174
0.37471332435136023,0.1422854379937976,0.48300123765484215
0.26335058688606827,0.5282297190101156,0.20841969410381597
0.2106263414154271,0.4529647860651116,0.3364088725194613
0.2819816636930434,0.3309493597472064,0.3870689765597502
0.39078988151641086,0.34281533570627437,0.26639478277731476
0.17702832122797413,0.31765167333536604,0.5053200054366598
0.2688484432322141,0.22924228277373618,0.5019092739940497
0.3184674455906955,0.3213129851931757,0.3602195692161287
0.4878578947686366,0.3405422128760166,0.17159989235534684
0.4207114171962053,0.3861119779903124,0.1931766048134824
0.37054086937270014,0.387504444687208,0.24195468594009187
0.6140650459255239,0.15301748609630533,0.23291746797817067
0.2944552895278889,0.452405793682013,0.25313891679009826
0.3320079160265137,0.4276546124730093,0.240337471500477
0.3274479424488837,0.41002721401292985,0.26252484353818645
0.22898887002461107,0.40938416903215125,0.36162696094323765
0.41520988189605657,0.41342041997120965,0.1713696981327338
0.28655633668762825,0.4008196748537972,0.3126239884585745
0.4557099802706996,0.37575155756485845,0.16853846216444182
0.38363609899623885,0.28832910072053297,0.32803480028322823
0.2950697322988448,0.29286428896027417,0.4120659787408811
0.5394678018560324,0.2860985928987065,0.17443360524526122
0.2249900537277295,0.2638544725630957,0.5111554737091748
0.4705164793962139,0.3802200085134916,0.14926351209029448
0.22083564378444592,0.30445993327093956,0.4747044229446145
0.44623666630608677,0.23740043778140157,0.31636289591251165
0.155986686465317,0.3823750437929632,0.46163826974171984
0.2713711961944927,0.3231323351555822,0.4054964686499251
0.4100102830940865,0.35954499034392884,0.23044472656198475
0.3184524094960238,0.3674450875302082,0.31410250297376807
0.5195436886089542,0.2606296133645643,0.21982669802648147
0.23925058220402737,0.38757526826692,0.37317414952905253
0.36950469035175726,0.3252301050550191,0.30526520459322365
0.35769409857186196,0.41602672535688284,0.2262791760712552
0.296054150490257,0.43641835331755097,0.267527496192192
0.5287269518654139,0.3715675277803474,0.09970552035423881
0.24651920437546265,0.19743656958684336,0.5560442260376941
0.3835826304117369,0.3273305630904372,0.289086806497826
0.24770729998090107,0.3102682470607295,0.44202445295836945
0.4224199672517611,0.39865620013326325,0.17892383261497566
0.18967345405158645,0.4772505666280389,0.33307597932037475
0.27153565540723845,0.4652914971851391,0.2631728474076224
0.23366265432683794,0.3370902675926228,0.42924707808053936
0.23741921291357515,0.3564418234924437,0.4061389635939811
0.4564325402841413,0.2857484895712529,0.25781897014460575
0.43483295666281757,0.37500389962152597,0.1901631437156565
0.16723577104339077,0.3324676306731289,0.5002965982834802
0.4818187886141596,0.26714766342001867,0.2510335479658217
0.22624440768938184,0.36005376961061436,0.4137018227000038
0.14936953752961887,0.36620351223165554,0.48442695023872556
0.32187618842684923,0.294966445912606,0.3831573656605447
0.3746953508475709,0.41301752627402616,0.21228712287840296
0.25060158945209704,0.3455655928617875,0.4038328176861155
0.1764376855549724,0.5555798969403624,0.2679824175046651
0.5389450208189299,0.36260816772984666,0.09844681145122329
0.29042169607131274,0.4921037988267388,0.2174745051019484
0.4163069921568,0.3458559763377937,0.2378370315054064
0.21747046973484385,0.32356660981908275,0.4589629204460734
0.3488636576648634,0.41931752799796146,0.23181881433717524
0.3460313950499829,0.33490206915091464,0.3190665357991024
0.35536635709996767,0.23849625400378416,0.4061373888962481
0.44512193720510357,0.3501272904254124,0.20475077236948397
0.309206626342095,0.40112379590970526,0.2896695777481997
0.1950822703360765,0.409086702776338,0.3958310268875856
0.60064886018937,0.29339983109760964,0.10595130871302047
0.5782347972793099,0.3179805080770251,0.10378469464366497
0.34337353327922676,0.2654696970709702,0.39115676964980306
0.3516364004642353,0.36325829021039135,0.28510530932537337
0.27966658852536297,0.4211203519222379,0.29921305955239924
0.27184143980790404,0.3409670388210277,0.3871915213710682
0.2960745373625456,0.4158987234891008,0.2880267391483536
0.24254723843809176,0.34263099750537057,0.4148217640565376
0.2923410713095345,0.4012978398952274,0.3063610887952381
0.24453589622880192,0.5843607142431325,0.17110338952806547
0.2502335505050762,0.27769409526207595,0.47207235423284777
0.3362145256667243,0.30018669496965855,0.363598779363617
0.4036132242421127,0.30542995302666603,0.2909568227312212
0.5109220328451133,0.36917725715421223,0.11990071000067462
0.12197336292644781,0.30053448351333023,0.5774921535602219
0.25982853196307476,0.35357795798669,0.38659351005023523
0.10789555482747483,0.29043635365387077,0.6016680915186543
0.45782194552625144,0.2029441006932236,0.33923395378052495
0.5246134533520715,0.2741069892218678,0.20127955742606066
0.18989487419264434,0.3037721148700955,0.5063330109372602
0.4526885819593385,0.30293281217323964,0.24437860586742183
0.37632218997281547,0.27812940787356527,0.34554840215361915
0.368182198275958,0.42472357984411213,0.20709422187992993
0.16809938004120062,0.45381274849227277,0.3780878714665266
0.24111892281196173,0.34051940389304197,0.41836167329499635
0.35402772071393523,0.3348402765251376,0.31113200276092706
0.41090212212576493,0.33876575090234345,0.2503321269718916
0.296383007063384,0.4700135051198768,0.23360348781673934
0.287659673451166,0.3887801803075722,0.3235601462412617
0.28581843872413304,0.3224966791018226,0.39168488217404435
0.23271839482116116,0.37794652210764274,0.3893350830711961
0.3767717473049985,0.43583149095756996,0.18739676173743156
0.4981409098348155,0.3183758762010907,0.1834832139640938
0.23873050935489637,0.32393808904454935,0.43733140160055417
0.47290463588607984,0.33350355517890284,0.19359180893501726
0.2489825271542338,0.33712861403147637,0.41388885881428966
0.3538242051435657,0.3439871771491295,0.30218861770730493
0.3854866724248748,0.3345704920319307,0.2799428355431944
0.38363625686496694,0.3051079342531518,0.31125580888188126
0.3043177152417187,0.390794065181665,0.3048882195766163
0.29890074449362025,0.334604999701534,0.3664942558048457
0.5858559500391988,0.1920224372196574,0.22212161274114395
0.31420002006796,0.287647745510678,0.39815223442136216
0.2665837740746611,0.348604894917037,0.3848113310083019
0.48260782086785514,0.2577751783521686,0.25961700077997624
0.3216117366032762,0.18840189196845644,0.48998637142826734
0.2752940424982681,0.31342710136967233,0.4112788561320594
0.22611740534825023,0.5209836856393535,0.25289890901239626
0.2764636454191077,0.33184764818574797,0.39168870639514425
0.5770205388008048,0.2761784912178039,0.1468009699813912
0.5001643794627747,0.3390686724932702,0.16076694804395505
0.4532125073979738,0.2884637765097392,0.258323716092287
0.3089344652198446,0.38942360841418333,0.30164192636597215
0.44045562346882505,0.2861059799700411,0.27343839656113383
0.13991393553128104,0.30875072382491925,0.5513353406437996
0.37379486191181466,0.3510639497292791,0.2751411883589063
0.41862009327664434,0.3075703494122551,0.2738095573111005
0.16742088472430067,0.40715021325020223,0.42542890202549694
0.2595949899146517,0.3084546135249333,0.4319503965604149
0.4723021905933892,0.2383060022239728,0.289391807182638
0.275512587705172,0.5759212876371643,0.14856612465766358
0.17372740854348845,0.37515079580105753,0.45112179565545407
0.29339072336630156,0.16231767531209126,0.544291601321607
0.2100670429874761,0.28076282734166325,0.5091701296708606
