base_nb_neg,base_nb_neu,base_nb_pos
0.3591458063968828,0.36758904497812633,0.27326514862499085
0.1980644050392764,0.25798669148046416,0.5439489034802594
0.22926402172919083,0.25464044429286814,0.5160955339779408
0.2650240482646175,0.26569021062638487,0.4692857411089976
0.6497976105401908,0.19134153270823365,0.1588608567515755
0.18750738009166,0.6071935182209645,0.20529910168737547
0.40391234485195526,0.29473330041553397,0.3013543547325109
0.22124192076154167,0.37022052594451194,0.4085375532939463
0.2811786551939487,0.44968712174616504,0.26913422305988627
0.602923268674185,0.22378968975433747,0.17328704157147767
0.19078276970278318,0.5912995437222993,0.21791768657491745
0.36911882605942364,0.41616320732179773,0.2147179666187786
0.553018199349206,0.26953933739320757,0.17744246325758625
0.47610887254380924,0.29134213196831427,0.23254899548787644
0.26161857743226147,0.5131473423420525,0.22523408022568595
0.3679619938647593,0.26681102136187773,0.3652269847733631
0.5633911970456034,0.2622511998302172,0.17435760312417942
0.5507574294517128,0.23730472062898023,0.21193784991930686
0.27760546436558337,0.3641547453534323,0.3582397902809843
0.25920642911772845,0.5152199754437179,0.22557359543855363
0.23152876598933472,0.5672731905143705,0.20119804349629475
0.35702156195961837,0.33246060992139154,0.31051782811899
0.2199075276347784,0.27295722427131064,0.5071352480939111
0.3588491709643579,0.33325016947932135,0.30790065955632073
0.3370289200105477,0.45980108218797855,0.20316999780147388
0.20732874360323675,0.25721704121453476,0.5354542151822286
0.3924362377273259,0.33605652614973175,0.2715072361229424
0.305863436873252,0.31103484340226084,0.38310171972448714
0.23790757416072675,0.29593405615802393,0.4661583696812493
0.4498641729327876,0.3080426882464475,0.2420931388207649
0.28952086365500646,0.26431465707379415,0.4461644792711995
0.18619551708708915,0.614999154934157,0.19880532797875386
0.19414363986404543,0.6032851398308271,0.20257122030512748
0.39664254983803915,0.2929637839711289,0.31039366619083203
0.18138438948741456,0.36381015536636696,0.4548054551462185
0.25889570660735495,0.5156074144356096,0.22549687895703527
0.5475956203486831,0.2753530048789981,0.17705137477231878
0.3626915904068387,0.2832045229486794,0.35410388664448195
0.5044164553846294,0.30625239334984833,0.1893311512655222
0.17066938563193051,0.21043730447445405,0.6188933098936155
0.411541711393861,0.31704911850489637,0.27140917010124277
0.37066988321016436,0.32988850462030594,0.2994416121695297
0.3872503914524345,0.20923119618617977,0.40351841236138564
0.31945539975603915,0.4379043039708654,0.24264029627309547
0.29481973439764014,0.48375598504881984,0.22142428055354008
0.6146524699005773,0.21859952998636567,0.166748000113057
0.18640388431867558,0.6126333261253606,0.20096278955596383
0.43475833926048707,0.3483955099895881,0.21684615074992483
0.2778137737153575,0.26056298540147316,0.46162324088316947
0.2072158551106407,0.2350733280499615,0.5577108168393978
0.2974758548834263,0.32085807899711255,0.3816660661194611
0.557315848703527,0.26298304279429857,0.17970110850217436
0.3150777118653641,0.3889767243845901,0.2959455637500459
0.4044360428096798,0.2918121478732127,0.30375180931710755
0.23393470544193132,0.5606069964417657,0.205458298116303
0.44416993895507106,0.27800128802962676,0.27782877301530207
0.3445978469199147,0.3290906072635426,0.32631154581654276
0.6114127347231714,0.21915857902535477,0.1694286862514738
0.2533059898326905,0.3015510159417252,0.44514299422558445
0.523538337969009,0.29397007919671536,0.18249158283427577
0.23153055137081166,0.5672727964879687,0.20119665214121962
0.23169512869718545,0.5667611700759773,0.20154370122683724
0.45134923696652773,0.28214301388669,0.2665077491467823
0.29945855883761174,0.24242876269878244,0.4581126784636059
0.3184271833830159,0.4616133351255273,0.2199594814914569
0.45861078117616993,0.31994249652089907,0.221446722302931
0.3016703658752056,0.3280571072162768,0.3702725269085175
0.22509932659344828,0.3262414925122368,0.448659180894315
0.18479408698704902,0.3000788445568042,0.5151270684561469
0.23399037804588962,0.544683437591237,0.2213261843628733
0.4693357337245734,0.276696749620498,0.2539675166549288
0.6106333499977689,0.21929837116575904,0.17006827883647216
0.5527944718938693,0.21127853030004895,0.2359269978060817
0.3384483424787079,0.4006954995073015,0.26085615801399065
0.39647013620625715,0.3140936848995605,0.2894361788941823
0.21040928912160162,0.2315124120895319,0.5580782987888665
0.4856861866872326,0.22923530729518551,0.2850785060175819
0.3197588149180098,0.3723295685257489,0.3079116165562412
0.18729709124343083,0.6113366215779841,0.201366287178585
0.1945907724593569,0.38531974022881904,0.420089487311824
0.25729221571868605,0.5038594665123852,0.23884831776892873
0.26978497286248454,0.5060561203298614,0.2241589068076541
0.3915151889607619,0.3727211380146241,0.23576367302461396
0.18717879412625466,0.6126397299022873,0.200181475971458
0.22045071131249538,0.23714529526557476,0.5424039934219297
0.29996077458506315,0.3656672565997429,0.33437196881519393
0.6015288082947139,0.22792614281437917,0.17054504889090688
0.5345251530948603,0.2684317040934615,0.19704314281167828
0.5618310012039962,0.26257076206280144,0.1755982367332023
0.5602892724367275,0.26460973994521586,0.17510098761805643
0.3983667489447804,0.4098410201630576,0.19179223089216194
0.23789507079770386,0.2674171943853385,0.4946877348169575
0.21480785699278918,0.29276694583132473,0.49242519717588595
0.6286531903225474,0.20683368865344784,0.1645131210240048
0.20096043220018167,0.2266419352675869,0.5723976325322313
0.5453347185625212,0.26794732624124057,0.18671795519623816
0.408165033434215,0.27320209543143337,0.31863287113435174
0.332700225531275,0.4614622336291778,0.20583754083954717
0.3372632076049205,0.32700021854723654,0.3357365738478429
0.2601357367607245,0.5145183045796172,0.22534595865965834
0.17680667795367985,0.28016677931658945,0.5430265427297307
0.1720193611284307,0.299351518915145,0.5286291199564243
0.18656423299075148,0.6096954848929912,0.20374028211625728
0.3966608943300045,0.3890846628909677,0.21425444277902786
0.2910620605051184,0.3359160856072559,0.37302185388762565
0.2207096514394605,0.29841801685089103,0.4808723317096485
0.21861846494479514,0.2460327792093835,0.5353487558458213
0.2570531639996857,0.538208711367313,0.20473812463300142
0.5486369252813433,0.2623434685680145,0.18901960615064223
0.23085761064309895,0.26935784468510227,0.4997845446717987
0.20136659140627916,0.22629470882528058,0.5723386997684402
0.3686234465192439,0.25206745917880635,0.3793090943019496
0.2757101653364469,0.30252513763266226,0.42176469703089087
0.2414749450519875,0.2885417760684068,0.4699832788796058
0.47952721884515925,0.3266895572310246,0.19378322392381617
0.29151860210928426,0.37506672293633664,0.33341467495437915
0.6320678090430654,0.20123703301070775,0.16669515794622689
0.20483018663090327,0.2873656875719174,0.5078041257971794
0.311988396525366,0.2900305419847389,0.39798106148989526
0.23510239268650931,0.39546018657197574,0.36943742074151503
0.4044388791259224,0.35137496339199975,0.24418615748207784
0.40137195507746204,0.39457705273239546,0.20405099219014244
0.6112551833167679,0.21947498015111577,0.16926983653211644
0.34331752983054664,0.3416298776726319,0.31505259249682155
0.23620449539338373,0.33503020348691775,0.42876530111969857
0.2691234267248918,0.5060949476573601,0.22478162561774812
0.16301597593302722,0.21681665380168214,0.6201673702652907
0.2433558564517583,0.4539450289513985,0.30269911459684323
0.6192838875493583,0.21839811473861948,0.16231799771202227
0.46050104651941487,0.329586747505708,0.20991220597487711
0.18666614706898668,0.614341718106796,0.19899213482421724
0.22935942038597482,0.29297569715216126,0.477664882461864
0.5988456102161697,0.23043566397816587,0.17071872580566458
0.5577524282815234,0.27045952960984304,0.1717880421086335
0.21072120016599288,0.46541940116234704,0.32385939867166
0.2551058902258635,0.21108462195289182,0.5338094878212445
0.4647003267535538,0.27014131139268305,0.2651583618537632
0.20538879943017607,0.24465510877923222,0.5499560917905916
0.25885493283248234,0.5124458043685332,0.2286992627989844
0.39218149332549324,0.39027657969096535,0.21754192698354133
0.18505713555327585,0.2338839147265542,0.58105894972017
0.2588444614101812,0.5152585189664012,0.2258970196234176
0.5635263163580542,0.2626839742755677,0.17378970936637816
0.5960315276126206,0.22643451589322655,0.17753395649415296
0.18755656830887957,0.25564145039879943,0.5568019812923211
0.259991227800227,0.5143647896950237,0.2256439825047493
0.2315736534626429,0.5672211603121482,0.20120518622520883
0.22007276160049172,0.31775075931442237,0.46217647908508586
0.553114108783792,0.2643933481390389,0.18249254307716922
0.38821817709231765,0.30982038440962173,0.30196143849806073
0.23127930029920596,0.4638769932037054,0.30484370649708864
0.6241081760014398,0.2022566891982913,0.1736351348002691
0.21678698387137169,0.3293997599123507,0.45381325621627755
0.47506419148686907,0.271879567543162,0.25305624096996887
0.2459470341120274,0.44384539415889646,0.3102075717290761
0.556134165182437,0.2630856845932578,0.18078015022430524
0.2634010483569767,0.2829232722942654,0.453675679348758
0.18684425247204428,0.6139811754235616,0.19917457210439427
0.25710803401345755,0.5373036371365116,0.2055883288500308
0.3149799459484066,0.451549612250874,0.23347044180071932
0.3582707071760187,0.3058319699984587,0.33589732282552276
0.25927342880005855,0.49670036703013176,0.2440262041698097
0.2589119436701173,0.5155867620396835,0.22550129429019924
0.22176128029247416,0.28774244944575267,0.49049627026177334
0.5977187381889156,0.2218024330395451,0.1804788287715392
0.5273464520490466,0.24685832138117536,0.2257952265697781
0.210460972847375,0.30599391514433144,0.4835451120082935
0.4218851630905001,0.35294254685714815,0.2251722900523518
0.5634021670417468,0.2662992065998338,0.17029862635841939
0.592421929578223,0.24110432629406264,0.16647374412771418
0.26144996703050666,0.3223179980858036,0.4162320348836898
0.21792037648384477,0.30211670655527484,0.4799629169608804
0.18543618038788312,0.42489336746461953,0.3896704521474974
0.23086904589743434,0.5061345924988986,0.262996361603667
0.2745142930948557,0.36635694113920203,0.35912876576594216
0.6085479920909763,0.22128573394417764,0.17016627396484602
0.37854306068482296,0.41312267765311894,0.20833426166205812
0.20682391506211437,0.2317152594145925,0.5614608255232931
0.29878048608642255,0.2769264383016566,0.4242930756119209
0.3721356556426239,0.3475835620499647,0.2802807823074113
0.26458960150322036,0.4964491888498314,0.23896120964694825
0.39526643826167834,0.37822526140784535,0.22650830033047625
0.31627546061505735,0.3471369914802648,0.33658754790467793
0.3923038513615977,0.3648330960724524,0.24286305256594992
0.3292081926655095,0.26416293343192704,0.4066288739025635
0.26996452599057774,0.2667145554396085,0.46332091856981367
0.5471904382127994,0.20677850643435872,0.24603105535284184
0.45330613370388867,0.3377374615311965,0.2089564047649148
0.3830220520850764,0.2934690142568537,0.32350893365807
0.2655237387230521,0.5091616686649829,0.2253145926119649
0.5600159391554715,0.21037817950830423,0.22960588133622434
0.5159001599172827,0.309613423785726,0.1744864162969913
0.1661284883846357,0.21440756703068228,0.6194639445846821
0.16358145129807816,0.21076257660562686,0.6256559720962951
0.2472055131731007,0.5404087783919518,0.21238570843494753
0.4207518543893934,0.312302923893216,0.26694522171739055
0.46053045902700357,0.3545658973648993,0.18490364360809708
0.2506516945191947,0.39866953226046464,0.3506787732203407
0.1970026307345291,0.5744890563920552,0.2285083128734158
0.3015496618183412,0.3628754925377485,0.3355748456439104
0.24845568518709144,0.3391922541512734,0.4123520606616352
0.3067754830336375,0.35474598320774137,0.33847853375862114
0.21114781561312418,0.2610500422483346,0.527802142138541
0.610896822668925,0.21978623569189443,0.16931694163918054
0.222824554281102,0.3531757544904169,0.42399969122848113
0.3911667814937993,0.39449456586475856,0.21433865264144206
0.30593375540535594,0.31588574031666533,0.3781805042779787
0.45925810784494764,0.29384187146941326,0.2469000206856391
0.3268829587766563,0.3291681892271197,0.343948851996224
0.23484764759107904,0.5627786941378591,0.20237365827106188
0.22115941066873815,0.24989014210916366,0.528950447222098
0.24949201868121149,0.4928144638721025,0.25769351744668606
0.2786770980476898,0.2571464943561179,0.46417640759619233
0.162087663021774,0.208160726864317,0.6297516101139089
0.2937588902517002,0.29918190034856756,0.40705920939973217
0.45740810623013417,0.3018830056102549,0.2407088881596109
0.4318618145109561,0.34092102898547727,0.22721715650356658
0.270353089635927,0.5253398493334879,0.20430706103058502
0.23121676608740582,0.3132014745473197,0.45558175936527445
0.18694376015312938,0.598185518097965,0.21487072174890554
0.19271395058160087,0.5971802714087989,0.21010577800960023
0.5125198009177659,0.3068840262325507,0.1805961728496832
0.6094851782385352,0.21969532057053642,0.17081950119092842
0.5438976408432112,0.2488614497557836,0.20724090940100515
0.19661486735482356,0.2588867619313914,0.5444983707137849
0.5810320281347241,0.2521349011644163,0.16683307070085973
0.5401161820390226,0.273514457782855,0.18636936017812233
0.3198403271783827,0.4317774771931523,0.24838219562846495
0.33423840059223336,0.46645807709415416,0.1993035223136124
0.3445978469199147,0.3290906072635426,0.32631154581654276
0.2812910821846307,0.3909293469218279,0.3277795708935413
0.6115809430291613,0.21917608773856148,0.16924296923227722
0.27123129744354013,0.3771635710085115,0.35160513154794837
0.44697196060707023,0.26590658681901536,0.28712145257391436
0.346651924658239,0.3391595989059493,0.31418847643581166
0.2414220867325,0.421796058799017,0.33678185446848297
0.44300307879359985,0.36987644713301077,0.18712047407338944
0.3392525940951477,0.29328884995320076,0.36745855595165167
0.4519911172422836,0.32957774069588996,0.21843114206182662
0.22603084311362465,0.48286129901085256,0.2911078578755228
0.30340480106592393,0.4416146603027302,0.2549805386313459
0.3137317292883205,0.40483549367525296,0.2814327770364264
0.5497902855082238,0.27224500441994715,0.17796471007182893
0.3450439754877417,0.4243112817742508,0.23064474273800756
0.32229604614742985,0.4049574112744473,0.2727465425781228
0.2325276880344385,0.5215767126044771,0.24589559936108435
0.35069372513177666,0.42190482485352815,0.2274014500146951
0.3357828425035438,0.34564978090019965,0.31856737659625656
0.29535792285937196,0.33141577846294723,0.3732262986776807
0.28564078194012954,0.3859227799071192,0.3284364381527513
0.29780725955779186,0.49466956692062614,0.20752317352158206
0.36412529673089766,0.36264936655753216,0.27322533671157023
0.6358473678411335,0.2036446891632233,0.1605079429956433
0.38872610248433065,0.3816870549590536,0.2295868425566158
0.2587515635914819,0.5130078425263116,0.22824059388220644
0.2456415103240611,0.23781643913644657,0.5165420505394924
0.20448036991062565,0.2582662391831589,0.5372533909062155
0.4918312655437496,0.22816095802359684,0.2800077764326535
0.3199177894698873,0.3145612116598749,0.3655209988702379
0.19688913209957434,0.25885108689106756,0.544259781009358
0.3794115178747573,0.3783259158540341,0.24226256627120865
0.346206963722635,0.2101225910617232,0.44367044521564186
0.4493079322451925,0.3357875199923805,0.21490454776242696
0.25396716342684234,0.5435158582258749,0.20251697834728266
0.25634119371781355,0.48394748070398724,0.25971132557819926
0.4271477604902458,0.31471255251320074,0.2581396869965534
0.16600047539594975,0.2334381155987295,0.6005614090053207
0.36179370221851553,0.34711033960580295,0.2910959581756815
0.20429168988140953,0.23223813335793353,0.563470176760657
0.3933939894209245,0.2092613229334677,0.39734468764560765
0.30797481544152805,0.42303649661794823,0.26898868794052366
0.559654374579154,0.26534173059096283,0.17500389482988327
0.26587422631000407,0.3113453420574184,0.4227804316325775
0.33992916922154726,0.35488820455864284,0.3051826262198098
0.28841658377601553,0.5125098142679793,0.19907360195600513
0.24936194935055186,0.44679527056471513,0.303842780084733
0.25956208071934067,0.5324613472039609,0.2079765720766984
0.32317719803279854,0.28638463735868375,0.3904381646085177
0.5009643623928783,0.20357523731011146,0.29546040029701015
0.25325851472506417,0.5210925338222424,0.22564895145269354
0.4335455856368846,0.29952127728722305,0.2669331370758923
0.28892576768624917,0.4894231401212496,0.22165109219250118
0.20087253173307254,0.22615100764812632,0.5729764606188011
0.27742453829996266,0.29430974692173234,0.428265714778305
0.37937546896110663,0.31939994506899305,0.3012245859699003
0.23945861420325756,0.5592327990557996,0.20130858674094293
0.21390410735960771,0.22748333764406675,0.5586125549963256
0.24001780532362005,0.5541883648838409,0.20579382979253902
0.20334149421663444,0.4145457806782312,0.38211272510513433
0.20145111581837372,0.5807090016041646,0.21783988257746165
0.2600850414885812,0.5062542188049934,0.2336607397064255
0.39097379343723654,0.23232379080478432,0.37670241575797914
0.323750044588281,0.4467912767408827,0.22945867867083639
0.36288694522489917,0.3142416104229195,0.3228714443521814
0.1646885524120044,0.21358227384894518,0.6217291737390505
0.3550331283664583,0.21030624438488082,0.4346606272486607
0.5307795301131883,0.28883137217549515,0.18038909771131648
0.24786687859689552,0.3615240871165954,0.3906090342865091
0.3199891648685671,0.41459516206118646,0.2654156730702465
0.1870891722238544,0.5856945692844936,0.22721625849165195
0.3570607832008652,0.38072606572739925,0.26221315107173543
0.3037895607016034,0.384757512825569,0.31145292647282763
0.45144558941843965,0.3164498757925702,0.23210453478899012
0.18240757457701273,0.39900210375065304,0.4185903216723343
0.30965312163487735,0.38465982950810074,0.3056870488570219
0.3060456850359639,0.31242913518822457,0.38152517977581163
0.3901208327296485,0.3116418662655616,0.2982373010047899
0.2805914009083196,0.3001391779017071,0.41926942118997335
0.5966163230015126,0.22058545755743722,0.18279821944105012
0.3799497608984582,0.38105507472236255,0.23899516437917914
0.16380085103736425,0.2158312911531357,0.6203678578095002
0.23638001681218251,0.3531070175866149,0.41051296560120254
0.5944318338311956,0.2239519791647741,0.18161618700403026
0.48933602905992035,0.3181818019721902,0.19248216896788942
0.25331938813979776,0.47531695208381386,0.2713636597763883
0.5642261865536337,0.2621116498955805,0.17366216355078576
0.2549781293267023,0.4917284116722121,0.2532934590010856
0.4025173495531271,0.29530927484570674,0.30217337560116597
0.5937942204888957,0.2242334673470419,0.18197231216406248
0.3374416516803574,0.30512246110567703,0.3574358872139655
0.3143725997941232,0.46668146641559516,0.21894593379028163
0.2848039472654371,0.2328980490467949,0.4822980036877679
0.41584752423979837,0.34366648803832506,0.24048598772187663
0.4968319968278035,0.280971360876081,0.2221966422961155
0.19428154618296697,0.5134498883173036,0.29226856549972935
0.24170171084853126,0.45580810921868414,0.30249017993278454
0.28536260075094205,0.5124546719359427,0.20218272731311518
0.4174645730618821,0.3004335509733712,0.28210187596474673
0.3365780859311644,0.45591258502587767,0.207509329042958
0.17618292106150968,0.2091794994191222,0.6146375795193681
0.19168671118921388,0.5603186634008789,0.24799462540990722
0.30502182670576206,0.2877754718361545,0.4072027014580834
0.22937255355296787,0.3533539987491006,0.4172734476979315
0.17265450741356742,0.23718432915525464,0.590161163431178
0.3361824885133344,0.4089202521052413,0.25489725938142443
0.18990859937828572,0.6105818380648783,0.199509562556836
0.20197968602612476,0.258285646722168,0.5397346672517072
0.3498165706798191,0.3318026719603833,0.3183807573597977
0.38419996672742907,0.31265822370233187,0.303141809570239
0.2298466756356171,0.2846813540186491,0.48547197034573375
0.5180011481730004,0.29906974125902946,0.1829291105679702
0.24190709591224197,0.27676188076537417,0.4813310233223838
0.3296896508486205,0.44216118680688343,0.22814916234449603
0.4172684990251484,0.21496443670144455,0.36776706427340716
0.2594617117162431,0.5139539475192116,0.22658434076454523
0.5021539039164307,0.24861729364309432,0.24922880244047504
0.5043399490336852,0.2903300990776699,0.20532995188864497
0.25147459990502724,0.2972513237335515,0.4512740763614213
0.18515294071169647,0.48448413424369197,0.3303629250446115
0.32553629689821656,0.4192524325982016,0.2552112705035818
0.17794399071206077,0.24279223950086432,0.579263769787075
0.3827105876902271,0.31123913096158706,0.30605028134818585
0.22956494685328124,0.3593147420220223,0.4111203111246965
0.3021080065577476,0.4135179866298968,0.2843740068123556
0.3280220638052253,0.4559717314118176,0.21600620478295693
0.2838675346567705,0.460834926647883,0.2552975386953465
0.44114440500154617,0.35248016461257486,0.20637543038587902
0.18568869827036352,0.3065932354098081,0.5077180663198283
0.19540084548162645,0.5980299059332379,0.2065692485851357
0.24276284319567146,0.40017782587044665,0.3570593309338818
0.35933082117903636,0.3053626207988963,0.3353065580220673
0.46476131674879456,0.34219061749624574,0.19304806575495978
0.31585709420749175,0.4159230750554241,0.26821983073708416
0.5805638549187401,0.2457992509547725,0.1736368941264875
0.6255074167048159,0.1945334605768255,0.17995912271835862
0.3439075250450817,0.41519770501149467,0.24089476994342357
0.24906358833599246,0.4849755407444275,0.26596087091957993
0.309726921185746,0.36150337499998314,0.32876970381427084
0.6064526627744079,0.21981456562152285,0.17373277160406936
0.624085125352055,0.21416425643903636,0.16175061820890865
0.5389130128104667,0.27187066978734153,0.18921631740219197
0.2606498825849488,0.31570267656434764,0.4236474408507035
0.2585780559025817,0.512375448353547,0.22904649574387134
0.25726859323666434,0.5045797374145325,0.23815166934880308
0.1807123208081032,0.35218649244578426,0.46710118674611256
0.21620698406318972,0.3285093346289267,0.45528368130788355
0.1871830833543388,0.6140136564409063,0.19880326020475492
0.4839134466908106,0.3371930177015906,0.17889353560759874
0.39214864471297894,0.341128907332993,0.26672244795402805
0.23381428648585137,0.5638882561374762,0.20229745737667257
0.22100682869593571,0.32545573131967764,0.4535374399843866
0.5536579247278848,0.24794520979336326,0.19839686547875188
0.39572383906928504,0.2860872516281371,0.3181889093025777
0.2327200846450276,0.5661034547634834,0.201176460591489
0.2530194229171665,0.2508051363251592,0.4961754407576743
0.2689383726952783,0.43496301870254467,0.296098608602177
0.20416615534134785,0.24662843210333066,0.5492054125553214
0.22475691445326174,0.2935263273537188,0.4817167581930193
0.2812420259688582,0.36723724674106784,0.351520727290074
0.272629672125767,0.4670641538698321,0.26030617400440087
0.24590109625040532,0.44035970363305293,0.3137392001165417
0.19970351411327592,0.5922473003741523,0.20804918551257195
0.4443551788551971,0.3680122993818278,0.18763252176297518
0.36056999946247653,0.299512240590337,0.3399177599471865
0.31929518051191585,0.38761822463180673,0.2930865948562774
0.5706603805747933,0.24509546323998374,0.184244156185223
0.3767276499336143,0.28480148000084127,0.3384708700655445
0.2780076957633025,0.33422529083606195,0.3877670134006356
0.2513169669862275,0.2424676824872979,0.5062153505264745
0.4652542284364937,0.29402670859939406,0.24071906296411227
0.5125215426042944,0.30422734904354487,0.18325110835216063
0.4582840788924235,0.33081410760461033,0.21090181350296613
0.6500569073417793,0.1911107073135072,0.15883238534471353
0.3254745970433937,0.4449096698208202,0.2296157331357861
0.2997906105039082,0.3551067124053519,0.3451026770907399
0.2880087703436509,0.24664601011411916,0.46534521954222996
0.6007071964750784,0.22702198669505347,0.17227081682986822
0.2799036783245367,0.49547008267205517,0.2246262390034081
0.31710166022749664,0.44852660998844057,0.2343717297840627
0.2096078785002445,0.28629898875284865,0.5040931327469068
0.20349395357141076,0.23024543273130407,0.5662606136972852
0.23913120065658997,0.293684810573272,0.46718398877013806
0.3770637107176831,0.2821976366898086,0.34073865259250835
0.5102172400359731,0.30550355979790617,0.18427920016612068
0.23155395077461788,0.5670207375701912,0.20142531165519093
0.5572670271572798,0.2677584557159311,0.17497451712678896
0.3713374695287119,0.35078707674121157,0.2778754537300765
0.26358685502915147,0.34095235641999605,0.39546078855085237
0.5463679814808529,0.23307884164617826,0.22055317687296885
0.34187933369146967,0.26924875150907435,0.3888719147994561
0.4641681570051551,0.32276243806345467,0.21306940493139026
0.5120423117625198,0.29816372139889796,0.18979396683858227
0.26707369799254166,0.39986864065376476,0.3330576613536935
0.5485970135697104,0.2735384567605382,0.17786452966975147
0.23193752667488107,0.5654719874566803,0.2025904858684387
0.19509470007921403,0.6009885047333066,0.20391679518747938
0.49488788305617026,0.2698327807744532,0.23527933616937652
0.18841473213413956,0.47786620299935734,0.3337190648665031
0.39493613590299653,0.4057762295324818,0.19928763456452167
0.46668781471591925,0.3325564675654727,0.200755717718608
0.5633265270665386,0.262847090172364,0.17382638276109738
0.23657558515848215,0.3778813005308821,0.3855431143106357
0.1913962484453113,0.6075484887455853,0.2010552628091034
0.37578448813366694,0.20910259217142022,0.41511291969491293
0.6234735620214451,0.20888693629137484,0.16763950168718003
0.23670150167713122,0.5304150628435497,0.2328834354793192
0.6411208900268068,0.19405804323821543,0.16482106673497773
0.20072201426102165,0.2746164125567386,0.5246615731822397
0.2089737551580843,0.2611119780305765,0.5299142668113392
0.3124049674138653,0.32410229192637857,0.3634927406597562
0.25985894937806375,0.3743464172973915,0.3657946333245447
0.31519391373317873,0.44057019471222053,0.24423589155460065
0.2227115098012794,0.5348012324794208,0.24248725771929974
0.23310140720415015,0.5639671275723142,0.20293146522353567
0.36298115126093594,0.2848954530929456,0.35212339564611844
0.5386466763265334,0.2817542079230528,0.17959911575041387
0.3739128590453774,0.32649394732738357,0.299593193627239
0.28303675129208355,0.4647778338060977,0.25218541490181867
0.22879919117273098,0.24393548236384188,0.5272653264634272
0.3961476821997442,0.306714832347178,0.2971374854530779
0.5978381794841154,0.22075438717915558,0.181407433336729
0.21981699549286396,0.2944831057535342,0.4856998987536018
0.2305553386263623,0.261776468332857,0.5076681930407807
0.4683945493369874,0.2179205356410329,0.3136849150219798
0.23157932838298664,0.5672148416684869,0.20120582994852643
0.45053980120032255,0.33499249046792867,0.21446770833174872
0.23875861324311734,0.440756286280297,0.32048510047658557
0.31969843492869904,0.4023065853746894,0.2779949796966117
0.20304205561748387,0.27789855440286876,0.5190593899796475
0.373088551431846,0.3939425714219992,0.23296887714615488
0.5550149794858849,0.2630968613136607,0.18188815920045445
0.41131910169381336,0.23137116260597854,0.3573097357002081
0.2470343134421846,0.2372158705352635,0.515749816022552
0.18776969648120992,0.6134072808386808,0.1988230226801093
0.19083295670154046,0.6087754563636076,0.20039158693485207
0.42432920922009165,0.38071032281514894,0.19496046796475947
0.23200811955229356,0.5503312395889796,0.2176606408587268
0.19128636139017827,0.34255387452867664,0.46615976408114523
0.49529650280288584,0.24865385078423932,0.256049646412875
0.47646128186176073,0.2956127808402305,0.2279259372980087
0.195936414257886,0.2576192903626703,0.5464442953794438
0.16594330692896944,0.23754553048388455,0.596511162587146
0.630777111626448,0.19374728111459102,0.17547560725896097
0.19407978532351744,0.5968200115672133,0.20910020310926924
0.2588952332658811,0.5156042693889985,0.22550049734512032
0.2736011215009723,0.46039757162247325,0.26600130687655443
0.19899436745469648,0.5945203906842216,0.20648524186108183
0.20092791647541694,0.22653303934332258,0.5725390441812604
0.16249390528757282,0.20968589379962735,0.6278202009127999
0.23881309582500002,0.4876799782446871,0.2735069259303128
0.5818035790287283,0.2452610541229263,0.1729353668483454
0.39982613137881895,0.38193906895993107,0.21823479966125
0.48537829674758204,0.317597765948907,0.19702393730351084
0.6340109517663485,0.1930960098454963,0.17289303838815534
0.2316985940139314,0.5600572700320162,0.20824413595405233
0.18633245342983162,0.6137409643051649,0.19992658226500346
0.2890756964631241,0.4279408105886112,0.2829834929482647
0.2589616127853034,0.5152814846245033,0.2257569025901933
0.2431168715504005,0.5530121160122717,0.20387101243732775
0.29472763252781414,0.32365583755025135,0.3816165299219344
0.5640502959728565,0.26226113502695986,0.17368856900018365
0.3914358293812287,0.34659949081342034,0.26196467980535093
0.24951641592670906,0.2665860849687636,0.4838974991045272
0.434484641492661,0.366491150141922,0.1990242083654169
0.20110931826209905,0.22599724597824705,0.5728934357596538
0.4904402387246066,0.29191414406314015,0.21764561721225342
0.2015521069088695,0.22812584632270386,0.5703220467684266
0.3507054585420946,0.3651005097420783,0.28419403171582713
0.22218743450346579,0.3496316897140657,0.4281808757824685
0.2648135147013424,0.4639042210125619,0.27128226428609564
0.5920607632512426,0.23429979831485873,0.1736394384338987
0.2927712798843227,0.39696495791429764,0.3102637622013797
0.5505985020658272,0.26754482499751847,0.18185667293665445
0.21517934111940928,0.2317111266242661,0.5531095322563245
0.25058703878252514,0.4654363082383651,0.2839766529791097
0.26357575577645564,0.39333987490347916,0.3430843693200652
0.2857679679398863,0.4848500654788661,0.22938196658124765
0.3880792867436787,0.3678679575661269,0.2440527556901944
0.2819149122501691,0.3151629750418897,0.40292211270794115
0.2107965617821634,0.4445032675083045,0.3447001707095321
0.3786569423349722,0.29313564987613594,0.3282074077888918
0.41798679781425097,0.38288912735042413,0.19912407483532493
0.24237898008075287,0.5327006519669586,0.22492036795228862
0.2753045992162358,0.5007866573962652,0.22390874338749914
0.19667035162053306,0.22134442271539995,0.581985225664067
0.440251176537008,0.2756751155490818,0.28407370791391023
0.6499756732759214,0.19117666627276558,0.1588476604513129
0.34359279706727613,0.41581288027353724,0.24059432265918662
0.22722023017866388,0.29338810598715587,0.4793916638341803
0.6114569874005844,0.21922397484002953,0.16931903775938603
0.2659867389486469,0.45168506401042385,0.2823281970409292
0.2630965849608845,0.4379169576533674,0.298986457385748
0.24496110113619243,0.37592789919244973,0.3791109996713579
0.2403548373153783,0.5433063998858021,0.21633876279881958
0.19776032435951962,0.2613324760607927,0.5409071995796876
0.1879090431701518,0.5760264438740487,0.2360645129557995
0.4274301464330554,0.35010444065871676,0.22246541290822786
0.1908061926144131,0.6102670827118509,0.19892672467373604
0.41576579103892103,0.3306249977261009,0.25360921123497804
0.17249758989472747,0.2960239579862998,0.5314784521189727
0.42884253493021035,0.33026773067603293,0.24088973439375674
0.30165058811579365,0.44235539946254104,0.2559940124216653
0.5810437675079484,0.20497133070808454,0.21398490178396706
0.2597512216887756,0.5143797637349392,0.2258690145762851
0.3091494172617614,0.38102829059492016,0.3098222921433185
0.2862208997321764,0.3124892605145292,0.40128983975329435
0.5641134253592716,0.26220661944806234,0.17367995519266624
0.555047748556222,0.2663220834262646,0.17863016801751344
0.48531008955837623,0.23225994902202046,0.2824299614196033
0.2874414272385756,0.3299284889683313,0.3826300837930931
0.23213546076207364,0.564594835726706,0.2032697035112204
0.20096343623733257,0.22679365206131896,0.5722429117013484
0.18641316787563209,0.6133252174685713,0.20026161465579667
0.33672049124742787,0.321849297977054,0.34143021077551816
0.2299515459216404,0.46988175387470654,0.30016670020365305
0.21248527258301142,0.4916284623116128,0.29588626510537586
0.2334672652838346,0.2856800090250464,0.480852725691119
0.53654638118706,0.2658160212621813,0.1976375975507588
0.23681394273225045,0.394713390216829,0.36847266705092047
0.3906231606490331,0.4012095403244341,0.20816729902653275
0.1986899360023345,0.2598813924216137,0.541428671576052
0.3229609057781019,0.28796518198942306,0.38907391223247506
0.28478355376488096,0.2820096817599773,0.4332067644751416
0.6020188272659346,0.21428191035134958,0.18369926238271572
0.5941787175507341,0.22701068153986623,0.17881060090939951
0.16436300792330458,0.2116379027380591,0.6239990893386363
0.2658877783684455,0.45577288573147756,0.2783393359000769
0.3308561454548263,0.323840095267569,0.34530375927760465
0.32745447780631265,0.3977614792905137,0.27478404290317365
0.28612143943539137,0.3449197124314552,0.36895884813315344
0.2991211961921312,0.3468264282552403,0.3540523755526286
0.2567520424905923,0.394671923697377,0.3485760338120308
0.4091634456657468,0.2972413294352814,0.2935952248989717
0.2316235157105211,0.56707120515834,0.2013052791311389
0.18659072282166164,0.6104103312995719,0.20299894587876646
0.41959746719058266,0.310125430024506,0.27027710278491124
0.22626145700632658,0.391695816711851,0.3820427262818225
0.2108960369661173,0.5316235665629712,0.2574803964709117
0.6080205249896006,0.22012571209021053,0.17185376292018892
0.27548590592961947,0.41311543926291994,0.31139865480746054
0.35058922821275407,0.3705190850024553,0.27889168678479076
0.20302149411032766,0.48577493904408914,0.3112035668455832
0.4491377422092406,0.35395772276857884,0.19690453502218075
0.34331752983054664,0.3416298776726319,0.31505259249682155
0.23720404250526692,0.37691775891045215,0.38587819858428096
0.23152976239098733,0.5672740925336311,0.20119614507538153
0.2510344929489783,0.39580530971802363,0.3531601973329982
0.6431656910970925,0.1920063162658855,0.1648279926370219
0.3633778954679035,0.2842655621718051,0.35235654236029146
0.3691020028360774,0.38510133617485753,0.24579666098906505
0.4014886456577976,0.3195119202935354,0.2789994340486668
0.6014929417745274,0.22156731466118007,0.17693974356429257
0.3119353053105316,0.3442210818833269,0.3438436128061415
0.4503859116726725,0.33819369215916834,0.21142039616815927
0.26557899990961076,0.4885570151620267,0.24586398492836253
0.611666424945116,0.21911121780273699,0.169222357252147
0.43496730678572865,0.35796832415236635,0.20706436906190503
0.6114641444477897,0.219194757338001,0.16934109821420917
0.2636872839506129,0.5038357209375216,0.23247699511186543
0.5533061627202666,0.2750958715917667,0.1715979656879666
0.20907412533692177,0.2919665752544266,0.4989592994086516
0.42679871645332823,0.3380492832042507,0.2351520003424211
0.5627230429643147,0.22375396565986072,0.21352299137582445
0.24986773977132629,0.46487012351058854,0.28526213671808526
0.2527224276983698,0.26871002155424234,0.4785675507473879
0.3855387454705475,0.3218220581647402,0.29263919636471225
0.18964366051066645,0.6115598700745102,0.19879646941482348
0.241748532091762,0.42748070040529595,0.33077076750294215
0.16456647123847162,0.21098490215138452,0.6244486266101438
0.23466730437355632,0.3200435746425495,0.44528912098389434
