base_svm_neg,base_svm_neu,base_svm_pos
0.36216186965192887,0.3241690084613321,0.313669121886739
0.33736536603946854,0.3205875474135892,0.3420470865469423
0.33665263857713945,0.33008928730661213,0.33325807411624847
0.0840529486413806,0.32840988713855124,0.5875371642200682
0.2537028359316187,0.5363793624372393,0.20991780163114204
0.3297900191111325,0.3918165726034392,0.2783934082854283
0.426237153678362,0.31884067552697065,0.25492217079466734
0.35893886238064726,0.3659345705793199,0.27512656704003297
0.33655073031019056,0.33150721927979776,0.33194205041001174
0.3991080927317251,0.3521199299909187,0.24877197727735617
0.3233354065458867,0.39499024401142746,0.28167434944268577
0.33006959330854413,0.36719914103679213,0.3027312656546637
0.4475763090275124,0.3137620034524758,0.23866168752001188
0.31715068360312476,0.35016658671286066,0.33268272968401463
0.3497264001971988,0.2902205209351355,0.3600530788676658
0.2988998725433556,0.3271795309555358,0.3739205965011084
0.4526072273931043,0.3247605438237828,0.22263222878311276
0.38985482772579283,0.29904966730555993,0.3110955049686473
0.32725686384451913,0.34848454903149023,0.3242585871239905
0.48600118280864896,0.40693959761097914,0.10705921958037186
0.45823592374546585,0.44171183033717354,0.10005224591736057
0.3456782297206759,0.3364054384128477,0.3179163318664763
0.3035878833174424,0.3513362143969137,0.34507590228564383
0.35566854970669715,0.332245140737548,0.31208630955575467
0.3078548261106803,0.36318331786722724,0.3289618560220925
0.2731802093920526,0.34716718209363856,0.3796526085143088
0.3417375144198808,0.34875978330746926,0.3095027022726498
0.35210216003330025,0.34048240070405666,0.30741543926264314
0.329462686204254,0.32560175861710117,0.3449355551786448
0.33007953438102444,0.35287467398938704,0.3170457916295885
0.33129069166400765,0.311135478086226,0.3575738302497663
0.22617724066147163,0.5958656657711544,0.1779570935673739
0.03923307692632906,0.7251913793846285,0.2355755436890425
0.30786002110618077,0.3417404414737326,0.35039953742008656
0.2576436263740716,0.292356323638429,0.4500000499874994
0.35524273488911107,0.37770458645010324,0.26705267866078564
0.3899951692767139,0.35023358748017064,0.25977124324311535
0.3288470079326405,0.357351359892313,0.31380163217504653
0.30232350102465577,0.3742734803766693,0.32340301859867493
0.48920336431747835,0.23597736415281184,0.27481927152970975
0.3346384058967398,0.35500096247001794,0.31036063163324223
0.40628827034607906,0.32502241503749024,0.2686893146164307
0.4153588684872531,0.27280131348619785,0.31183981802654914
0.32480082935368565,0.38192833339245846,0.29327083725385583
0.3775108940470089,0.32636110871956986,0.2961279972334213
0.397501694143409,0.32941343562338943,0.2730848702332017
0.06737770148687577,0.5456880804226145,0.38693421809050976
0.41335858229933425,0.32899937232679877,0.2576420453738669
0.2920774061538423,0.30098113104640534,0.4069414627997524
0.2684259948352386,0.40677573341944406,0.3247982717453173
0.30303517310678774,0.34916104201666087,0.3478037848765515
0.5842772667218242,0.23324264474930614,0.18248008852886974
0.22936378918247988,0.4247819222459142,0.3458542885716059
0.3667455680766048,0.282012395587808,0.3512420363355873
0.31226971938571774,0.36543434329791924,0.32229593731636297
0.3674958069521201,0.33222016922404507,0.3002840238238349
0.3318042283655344,0.33843651268884734,0.3297592589456182
0.21875378483537097,0.38345559703341675,0.3977906181312122
0.35428622460602166,0.34298012361680696,0.3027336517771715
0.32494934869727055,0.381917052073229,0.29313359922950044
0.013372958163266176,0.6010540449951313,0.38557299684160257
0.4734825261840598,0.39472018012610444,0.1317972936898358
0.3504708009523187,0.3317746509181262,0.31775454812955517
0.33835269475773294,0.3063894914842786,0.3552578137579885
0.21153374795784824,0.3666268962135283,0.42183935582862353
0.1785612623968034,0.5871259675333678,0.23431277006982884
0.3188617419720193,0.350606692774085,0.3305315652538958
0.39597113911290477,0.309444520740288,0.29458434014680707
0.2908923700540931,0.3409339356297689,0.36817369431613794
0.36597155366823353,0.23698798161618026,0.3970404647155861
0.33524678348833975,0.3300725110715982,0.33468070544006207
0.3297740676663178,0.3125917286121646,0.3576342037215176
0.9707285071105052,0.02783069976675321,0.001440793122741591
0.30540549548482127,0.3567098125158177,0.33788469199936105
0.32340229061414266,0.3270169691601818,0.3495807402256755
0.29096725618930774,0.36484016760131865,0.3441925762093736
0.362569627925033,0.3138148270001103,0.3236155450748567
0.33099004912253177,0.30178281440141536,0.367227136476053
0.3697424103058609,0.49906213437638886,0.13119545531775023
0.3181836058486482,0.3130020842147758,0.36881430993657593
0.4614458353297535,0.29977126298258633,0.23878290168766017
0.4477565054583789,0.33847883334847484,0.21376466119314613
0.34333130021796787,0.38268165063892073,0.27398704914311145
0.2223763788300616,0.4384596866764869,0.33916393449345156
0.35505742075699853,0.29611677517138896,0.3488258040716125
0.3489407379760371,0.3320410433166412,0.3190182187073217
0.4259459286715967,0.35839703128436323,0.21565704004404
0.35934676923880987,0.30681080035189745,0.33384243040929257
0.3673764122938289,0.3125899052056999,0.3200336825004713
0.4274538497972928,0.3372295372192781,0.235316612983429
0.3700206617577144,0.31117185077426013,0.31880748746802545
0.3201950679537642,0.35480376370279837,0.3250011683434374
0.1344497686843716,0.5331315755311802,0.3324186557844483
0.3138095518919735,0.31225385579980486,0.3739365923082216
0.28618041139659073,0.4192764341806544,0.2945431544227548
0.4274782555033581,0.3291884278474161,0.2433333166492257
0.41180221906886455,0.347955194542135,0.24024258638900034
0.32085230033820333,0.3714506680886339,0.30769703157316264
0.33812244636887856,0.3427508480051632,0.3191267056259583
0.5442391873656326,0.24965722617975578,0.2061035864546116
0.295159050870406,0.3541011805611785,0.3507397685684156
0.0328470742267036,0.46046295981551755,0.5066899659577789
0.28924190400996713,0.38792874483926454,0.3228293511507683
0.3136724284904854,0.4201316343090905,0.2661959372004242
0.3142650117799609,0.3672553422375511,0.318479645982488
0.2987113684037747,0.3818351087470851,0.3194535228491401
0.3120824529197244,0.31476956469343914,0.3731479823868365
0.3011176343459763,0.4164674645696319,0.28241490108439177
0.33947618407832875,0.3963281076445101,0.26419570827716127
0.2738357156067867,0.3385042097034987,0.38766007468971453
0.4837920914642411,0.24051530209413455,0.27569260644162424
0.3150282203777374,0.3235832123127772,0.36138856730948526
0.3479018213304183,0.3398828892746764,0.3122152893949053
0.32623173899843433,0.3667080032390218,0.3070602577625439
0.5245109315048598,0.3049115456490639,0.17057752284607633
0.3734003988403009,0.3212460420758382,0.30535355908386097
0.34843204229438834,0.3807081083208656,0.27085984938474605
0.4339309796037816,0.3197472961733638,0.24632172422285462
0.3908128197295513,0.3343541788973366,0.2748330013731121
0.0756245001638333,0.4328552010614566,0.49152029877471015
0.3526882021675455,0.3375932636092052,0.3097185342232493
0.3645084248681422,0.34533848203913525,0.2901530930927225
0.5722467821445358,0.2964183353665027,0.1313348824889615
0.3489386840115256,0.3349076217967273,0.31615369419174727
0.31065840040145315,0.3992635513040529,0.2900780482944941
0.4384197650157092,0.3105256799636488,0.25105455502064206
0.19925981795216702,0.404709005622431,0.3960311764254019
0.2879886017191965,0.37486589947346594,0.3371454988073376
0.45246960599613134,0.3493014245347308,0.19822896946913784
0.38605263769893583,0.3300268470469184,0.2839205152541458
0.4123308070134797,0.38637094968429736,0.20129824330222298
0.2521453104120763,0.32809887193385806,0.4197558176540658
0.3902701606666606,0.37069487659391953,0.2390349627394198
0.3436362359980442,0.35411921828714604,0.3022445457148098
0.30102040550171494,0.4202563481749507,0.27872324632333434
0.2775897345506259,0.35213969693742425,0.3702705685119498
0.4647803824931942,0.3191705644535632,0.21604905305324257
0.31925276088287546,0.34514246612272564,0.33560477299439884
0.30688788889387447,0.36816202095228295,0.3249500901538427
0.2800328273883291,0.3955935436806369,0.32437362893103394
0.32574022887733106,0.2755199563890047,0.3987398147336641
0.18893425319267917,0.398274199716361,0.4127915470909599
0.3801020150355207,0.3438735543863374,0.27602443057814197
0.38023998765082034,0.27204050551480813,0.3477195068343716
0.4016737151279528,0.2705691334816758,0.3277571513903713
0.30484832338771994,0.35005577492982687,0.34509590168245324
0.2844119781615806,0.566349912170737,0.14923810966768228
0.2789039975419036,0.3966259250013623,0.32447007745673406
0.4853705346632014,0.2911094457601616,0.22352001957663692
0.33062363928720795,0.3376122723114723,0.33176408840131966
0.36991120797326354,0.30128258610483577,0.32880620592190074
0.387578726534457,0.3083379306917707,0.30408334277377236
0.36029136816494034,0.3323683679003001,0.3073402639347596
0.3284789363934085,0.3219120057794609,0.3496090578271307
0.1778729770104898,0.4100010870208413,0.412125935968669
0.35490413116464725,0.3269286709472361,0.3181671978881167
0.3099280367152109,0.34936628039170664,0.34070568289308245
0.25427388817697233,0.5200520294176512,0.22567408240537654
0.3485301663116644,0.3586306422713904,0.2928391914169453
0.39373837224472297,0.3193922203518416,0.2868694074034355
0.20483561506708445,0.3962730694506517,0.39889131548226375
0.35835612106913195,0.38974840620951473,0.25189547272135326
0.07473824333752456,0.4725516555634907,0.45271010109898474
0.22615627041275183,0.36248997326137355,0.41135375632587456
0.470089762185988,0.32359939788019226,0.20631083993381982
0.39881735260668194,0.3079897955532106,0.29319285184010746
0.07341397063738787,0.4477232103495706,0.47886281901304156
0.3817528997609396,0.3335396326105453,0.2847074676285151
0.4313737057364542,0.3710933087064911,0.1975329855570547
0.32995111589929327,0.3602093520205893,0.30983953208011744
0.41055700758650765,0.29851993065725446,0.2909230617562378
0.3235080008535189,0.3392011798407878,0.33729081930569327
0.17895448911079448,0.45470403000538456,0.36634148088382096
0.32034090752871397,0.28126673558547016,0.39839235688581587
0.2560437460955841,0.38377205159557415,0.36018420230884185
0.4580949665760335,0.3163407277013187,0.2255643057226478
0.2600038997805131,0.3844477680951086,0.35554833212437825
0.3179272138543028,0.3615979349649574,0.3204748511807399
0.3134355386989018,0.3988165314438774,0.2877479298572209
0.3670839531552983,0.34054375680958404,0.2923722900351176
0.2941104371199609,0.3335247855637046,0.37236477731633455
0.22327912756172547,0.37572607292107896,0.4009947995171957
0.3379005152987402,0.3633846486988434,0.29871483600241644
0.36077888233790634,0.3597964914892494,0.27942462617284414
0.36616678253249346,0.29222383519341955,0.34160938227408694
0.32310814874654503,0.32270652281340634,0.35418532844004863
0.37920790226383144,0.33872141442135806,0.2820706833148106
0.4355684294602741,0.2995768451254856,0.2648547254142403
0.32731846515006496,0.3497985985242538,0.32288293632568127
0.5068802402910418,0.29726889125651107,0.19585086845244692
0.30094368325566423,0.31951415322313237,0.37954216352120335
0.45681113242094523,0.3765317866167553,0.1666570809622996
0.2400692286187096,0.29876709794798806,0.4611636734333024
0.27316671114406266,0.3472656825361157,0.3795676063198216
0.31104009567424673,0.44241706238315875,0.24654284194259457
0.3780816178047143,0.333594097753138,0.28832428444214775
0.32455415954308703,0.41333276511302514,0.2621130753438878
0.30036827689742185,0.3614313904715242,0.3382003326310539
0.17346129499266602,0.5190833168513943,0.3074553881559397
0.28841013822949346,0.3506733576013342,0.36091650416917226
0.2761812429005687,0.34206356711698627,0.38175518998244506
0.3330446362683573,0.3376513857193305,0.3293039780123123
0.32560506801476874,0.33125212334554116,0.34314280863969004
0.4346647053732935,0.3161911113226884,0.2491441833040181
0.36793894433351954,0.34793730375195975,0.2841237519145207
0.3105840873665045,0.38392070908032766,0.3054952035531679
0.35312534786096306,0.34241742122409147,0.3044572309149456
0.3039024463137366,0.34194189062727803,0.3541556630589853
0.3338966893448793,0.32211864414413544,0.34398466651098525
0.26897427393432033,0.2228568182079117,0.5081689078577678
0.3272938493967948,0.2693383199646826,0.4033678306385226
0.3307109359441981,0.35431995854694504,0.314969105508857
0.2992422845902811,0.3580196661370861,0.3427380492726328
0.36765455526724544,0.28817175681318147,0.34417368791957287
0.41704563135524514,0.28122506986575796,0.30172929877899696
0.33454518458096705,0.32727259142409837,0.3381822239949345
0.33458519739613696,0.34939209500205926,0.3160227076018038
0.32078422961078384,0.3309886502021247,0.34822712018709145
0.2805135769018823,0.34915264121755607,0.3703337818805616
0.2809552216434383,0.365212571697776,0.3538322066587857
0.23484043164299007,0.49228685555754353,0.2728727127994664
0.4135319877718198,0.3485540681439992,0.23791394408418093
0.2857457050531848,0.33100862869941117,0.383245666247404
0.4578292997068991,0.2862487175272887,0.2559219827658122
0.17244206155429728,0.3773932375719521,0.4501647008737507
0.31127449196240053,0.35782233730522445,0.330903170732375
0.38799390390208194,0.3231235901269243,0.2888825059709937
0.3202460255181758,0.3921008496706184,0.28765312481120586
0.404163199492985,0.32676983304186275,0.26906696746515213
0.3318042283655344,0.33843651268884734,0.3297592589456182
0.33623514902391327,0.33523419319895054,0.32853065777713614
0.38317218675260223,0.41430132569287537,0.2025264875545223
0.3175391242183314,0.34573929291465544,0.33672158286701304
0.3479070071069133,0.3308086306848335,0.32128436220825324
0.37958524287258355,0.3195582885250395,0.30085646860237697
0.33807901912860777,0.33623886532469305,0.32568211554669907
0.29908236656649373,0.39372181012819085,0.30719582330531536
0.30617061168027626,0.3389844182644703,0.3548449700552534
0.5197635953624786,0.32306204329075655,0.15717436134676474
0.3468168227863218,0.3569605630475263,0.2962226141661518
0.30076523788492987,0.36143401590794666,0.3378007462071235
0.3196542983093175,0.3878258029722877,0.29251989871839473
0.47270257095067353,0.3209332069934419,0.20636422205588464
0.33716674003727737,0.3722758712933673,0.2905573886693553
0.3105040882569982,0.3492314941992272,0.34026441754377446
0.14002886280311705,0.5507609988861836,0.3092101383106994
0.3769446311486929,0.32921405681832033,0.2938413120329869
0.32587324787296806,0.32088529848460645,0.35324145364242554
0.3065927684525211,0.33334640391156983,0.3600608276359092
0.3336251996802123,0.3514125771744091,0.31496222314537853
0.3352979478422007,0.3529163868029035,0.3117856653548959
0.30978046335690385,0.35066619965743007,0.339553336985666
0.22887192228650785,0.31884988706253514,0.45227819065095703
0.32408084992335673,0.35675286158271013,0.31916628849393314
0.20687705092377956,0.37370762230943216,0.41941532676678833
0.2694623659654932,0.27261092296070294,0.4579267110738038
0.384716401371435,0.3650903837506776,0.2501932148778874
0.35041181972636076,0.3184202528091918,0.33116792746444745
0.36497405073282824,0.3213242855177285,0.31370166374944325
0.3128479225869538,0.348753134209156,0.33839894320389013
0.3481018677696504,0.35145190334380727,0.3004462288865424
0.42288738018629146,0.24222127222916856,0.33489134758454003
0.3706280887306976,0.33220353423951154,0.2971683770297908
0.38939073054760365,0.368869364161903,0.24173990529049344
0.27883993680280506,0.3324817010107414,0.38867836218645346
0.3166643510055799,0.33424254391310754,0.3490931050813126
0.29399418111049846,0.32502305079604094,0.3809827680934605
0.32572534459879265,0.3655891889792894,0.308685466421918
0.3658788159837214,0.3570316548221534,0.27708952919412505
0.3993639349236147,0.168260760257202,0.4323753048191833
0.31739228066577313,0.45627305493297393,0.22633466440125283
0.37790139678145335,0.3466644708734776,0.27543413234506914
0.18101957467051025,0.5210406753721067,0.297939749957383
0.281577359201852,0.34546270082399577,0.37295993997415233
0.31707143581578073,0.4167681680153933,0.26616039616882603
0.35334306715317965,0.3448073164192705,0.30184961642754987
0.29268010684808515,0.3906507622521043,0.3166691308998105
0.3305972036186281,0.3425823168012219,0.32682047958015
0.29588944508908593,0.3352328689372411,0.36887768597367293
0.2867554495704867,0.473990467056844,0.23925408337266918
0.36097155012282806,0.3246901599663918,0.3143382899107802
0.43607344651927527,0.325158192823912,0.23876836065681284
0.17925189493361857,0.3379799108873203,0.4827681941790612
0.36281437916460224,0.3230980984457594,0.3140875223896384
0.31608631884312066,0.3317301372441011,0.35218354391277823
0.3005139419444473,0.399128640589045,0.3003574174665076
0.2242626797484771,0.3982217758474607,0.37751554440406215
0.32168180067968466,0.4025892305340481,0.2757289687862672
0.21171118886741216,0.40244099190014027,0.38584781923244754
0.5184224697508363,0.27444426421376056,0.20713326603540314
0.32984516530122987,0.3570493895333962,0.3131054451653739
0.355048222835637,0.40734729211248183,0.23760448505188128
0.3548151183083336,0.36637698275572295,0.2788078989359435
0.31379940676801654,0.36514230561781524,0.3210582876141682
0.33146286753247856,0.3091598047720255,0.359377327695496
0.40684467408584335,0.24597175725693013,0.3471835686572265
0.31204917698014506,0.42226832752989696,0.2656824954899579
0.32278177439157585,0.3464913902107573,0.33072683539766695
0.3261294539017423,0.38515468598886776,0.28871586010939004
0.26990199667641707,0.4141062142485466,0.31599178907503633
0.41381934137244125,0.2928871986587693,0.2932934599687895
0.3258988108753476,0.3473172634668823,0.3267839256577702
0.35678989950306433,0.33572953042859155,0.30748057006834423
0.2617939534001794,0.3287526288958279,0.4094534177039926
0.13084106376713614,0.34306759750907834,0.5260913387237854
0.344652861298598,0.32941692442023973,0.3259302142811623
0.2666157958694924,0.357139510442656,0.3762446936878515
0.32917116631285664,0.32212879242758813,0.3487000412595553
0.3289219286949435,0.2750977594727464,0.39598031183231003
0.3953847035350828,0.3012696056147051,0.30334569085021185
0.2569693462278588,0.34746808898000714,0.39556256479213414
0.2377406150459674,0.3965597922362797,0.3656995927177528
0.36490470435306993,0.29838408173875003,0.3367112139081801
0.5000000964564331,0.28396407167597143,0.21603583186759548
0.49450210043102516,0.3196955777517584,0.1858023218172164
0.4989340275327108,0.2952022242065689,0.20586374826072024
0.06208360845997759,0.35816779660885634,0.579748594931166
0.32650641617785703,0.33603683692067005,0.3374567469014729
0.32893975440008716,0.38682006839157657,0.2842401772083363
0.3286461882566612,0.3403681327702873,0.33098567897305153
0.4000380354372508,0.3323219716348092,0.26763999292793983
0.11206539244733163,0.4019978875653927,0.4859367199872757
0.3554491530295404,0.32673738084432774,0.3178134661261318
0.3937774917000578,0.34102241370576586,0.2652000945941764
0.2328727148812027,0.44323066107980674,0.32389662403899044
0.43385962360118613,0.2826524506728726,0.2834879257259413
0.31792305837646034,0.39479304166470647,0.287283899958833
0.40623233273358805,0.31169921142619783,0.2820684558402141
0.32469223823184856,0.351481990695357,0.3238257710727944
0.039438401402521396,0.42939021136044664,0.5311713872370319
0.281081247893863,0.31732433365545015,0.4015944184506868
0.32098150662657177,0.36418156163594345,0.3148369317374848
0.35649334684191564,0.3427825969877576,0.3007240561703267
0.2614891925966288,0.31020651160077506,0.42830429580259616
0.34446881335443597,0.3498480883246883,0.3056830983208758
0.30564156983435653,0.4396591640965259,0.2546992660691177
0.36200694323164684,0.3276582510022343,0.31033480576611894
0.3678101130122215,0.3331607299330338,0.29902915705474464
0.3656389853297036,0.3128322568263913,0.3215287578439052
0.34970746439598704,0.2748525231384645,0.3754400124655485
0.18086115234820835,0.39885032562294337,0.4202885220288483
0.3821907714425909,0.2926689865258205,0.32514024203158876
0.32224530987043315,0.33886310321547436,0.33889158691409255
0.3571130013497442,0.29802259187189756,0.3448644067783582
0.34081740299958374,0.3859474292352282,0.27323516776518814
0.3502416176897314,0.334248447768464,0.3155099345418046
0.4096448936585295,0.32125333791467425,0.26910176842679623
0.2929875763654285,0.3499253486910342,0.3570870749435373
0.004977381865649511,0.34118749211402943,0.6538351260203211
0.3850940157813219,0.3318661315750656,0.2830398526436125
0.28800368478999777,0.36419681427876827,0.347799500931234
0.3281425550072876,0.3262821915734021,0.3455752534193102
0.3133559709487988,0.35227931178775534,0.3343647172634458
0.38388085164299734,0.33144067101958413,0.2846784773374185
0.26297914507496717,0.44156452594551526,0.2954563289795175
0.23605785217303252,0.38833339739415074,0.3756087504328168
0.4091454757913591,0.35071867234033094,0.24013585186831007
0.2793390946058706,0.3203749576712706,0.40028594772285897
0.30978318328274435,0.4544208914217555,0.23579592529550006
0.32164607270798284,0.3381639309681748,0.3401899963238423
0.3479715859470226,0.3313359195365302,0.3206924945164473
0.37359492690174667,0.37074250672006576,0.25566256637818763
0.3900899105315108,0.3138522532881268,0.29605783618036224
0.3450688135382526,0.34958779008262986,0.30534339637911756
0.3989305979466778,0.2864253468193361,0.31464405523398614
0.3676638476666634,0.3061906999173424,0.3261454524159942
0.2900354961358797,0.39565002649092823,0.31431447737319207
0.3456903081146414,0.3033603304159366,0.35094936146942196
0.4581257526807885,0.26749038752654364,0.27438385979266783
0.45678689762323493,0.3088627416660322,0.23435036071073287
0.45872341178012155,0.3128313091787873,0.2284452790410912
0.35691746676878205,0.3032142839329429,0.33986824929827514
0.21572564163281285,0.44235097803746876,0.34192338032971836
0.29375393793753746,0.3412409712942663,0.36500509076819637
0.21137732286156305,0.3766111028624878,0.4120115742759492
0.145830507244408,0.3042190870133293,0.5499504057422628
0.4554840964474746,0.43775278735087164,0.10676311620165377
0.3084406234776757,0.3459016344661581,0.34565774205616606
0.36112404853527313,0.33895268584612087,0.29992326561860616
0.325286702393479,0.42272431849466896,0.2519889791118521
0.3949095907885536,0.28291974260626646,0.32217066660518007
0.5040662562922951,0.24314312612881303,0.25279061757889204
0.3749988686336497,0.3196548686298512,0.3053462627364992
0.44163638108460934,0.38155865525738186,0.1768049636580087
0.32067744795869346,0.3461464480385498,0.33317610400275666
0.3210811838995175,0.39681037934831476,0.2821084367521677
0.27502344412326335,0.340518149456815,0.3844584064199216
0.3303798894993007,0.32521094902167863,0.34440916147902073
0.33439737445247114,0.3415821660207218,0.32402045952680714
0.28037677062826294,0.417046348040352,0.302576881331385
0.3431868669287395,0.3696910425023403,0.2871220905689202
0.3103749757238743,0.4578598004806544,0.23176522379547138
0.416378415158108,0.40357476475566034,0.18004682008623168
0.5341441093475064,0.3335155979482261,0.13234029270426753
0.318172066749555,0.38030193070750873,0.3015260025429364
0.4486390212941859,0.2867232932162716,0.2646376854895425
0.3043294394640053,0.35397956492162785,0.34169099561436694
0.2592715169589427,0.3328648291643484,0.40786365387670903
0.2841277860353184,0.38861948275295904,0.32725273121172255
0.3293829092677382,0.35982700066139595,0.3107900900708657
0.295271415296169,0.37737486865757,0.327353716046261
0.40809739380591553,0.31908423712708844,0.2728183690669959
0.4485523374166239,0.3506035060610414,0.20084415652233464
0.411041555595499,0.32257874234754697,0.26637970205695394
0.2964554297203467,0.36082442363407774,0.3427201466455754
0.3141257160689531,0.390439732228077,0.2954345517029699
0.4075799833038822,0.32046259698819696,0.27195741970792087
0.35912263062873956,0.3724038182984082,0.2684735510728523
0.33172591687479897,0.36562294159901493,0.30265114152618616
0.2688949292905159,0.3402672375676398,0.3908378331418443
0.3522807663965311,0.34168405428619314,0.3060351793172759
0.3226236686567904,0.3176820421426036,0.3596942892006061
0.37881050582932374,0.33062997606290845,0.29055951810776787
0.3355214027675186,0.3658334340523504,0.298645163180131
0.13872253175430393,0.4828028829642339,0.3784745852814621
0.5095468880604013,0.39098770840056807,0.09946540353903068
0.38736911871096835,0.3300948791763524,0.2825360021126792
0.35520642068917957,0.3313360356289436,0.31345754368187695
0.3886332925592847,0.3161928359679301,0.2951738714727853
0.3038917233853739,0.4029284376187939,0.29317983899583216
0.3702878404749645,0.3369316341227248,0.2927805254023107
0.3998587274787874,0.34618105255942894,0.25396021996178364
0.25662784151770074,0.35961067098288957,0.38376148749940964
0.37003134336130805,0.3525201348617452,0.27744852177694673
0.47387149549024365,0.3412149595006896,0.18491354500906676
0.2760051910860709,0.46835568595419985,0.2556391229597293
0.41599361298725585,0.3369351259688261,0.247071261043918
0.18624008571265332,0.4179563940008049,0.3958035202865418
0.34356085086000915,0.32340679067013833,0.3330323584698524
0.36767607482544046,0.3539750056308988,0.2783489195436607
0.527440325811558,0.31010821021097135,0.1624514639774708
0.27813211953041816,0.3639746556070045,0.3578932248625774
0.14246837869199955,0.3902042241652452,0.4673273971427552
0.32511584449323777,0.3064077618606727,0.3684763936460896
0.4643424381210345,0.2720516359422012,0.2636059259367644
0.31449514339104667,0.36163769497603115,0.32386716163292206
0.3414282166977007,0.313735026200974,0.34483675710132533
0.25984982991468936,0.31551990586752554,0.4246302642177851
0.190334126005264,0.3117982272677674,0.4978676467269686
0.11864741951222507,0.3625248017321127,0.5188277787556623
0.300881367010268,0.3707830386773301,0.3283355943124019
0.3628914679812792,0.34577488643908977,0.2913336455796312
0.2437808530260021,0.35647114474990566,0.39974800222409224
0.2502284872909355,0.3960919119760065,0.3536796007330581
0.358485887217692,0.3031326109843554,0.3383815017979526
0.3946295657413267,0.33248343286278265,0.2728870013958908
0.3594640880332493,0.32319925761714385,0.3173366543496069
0.36144961626236033,0.3303471035635864,0.30820328017405346
0.3237432760968046,0.34242864538317713,0.33382807852001833
0.3709392735093191,0.3308861938816016,0.29817453260907933
0.21286767953479632,0.4195806038959092,0.36755171656929464
0.29756129830832784,0.33966548337639607,0.36277321831527626
0.24545039213106812,0.33328960168188493,0.4212600061870469
0.17874134023214544,0.6004185070988702,0.22084015266898446
0.25330988287476863,0.3794860158967465,0.3672041012284849
0.36853669053137883,0.35365245460119016,0.2778108548674311
0.33543262540372815,0.3740999910454666,0.29046738355080515
0.33996640302533826,0.33237860759638066,0.327654989378281
0.24576409952305533,0.3452625585694443,0.4089733419075003
0.39111460961363653,0.36379456740655325,0.24509082297981033
0.30931249353342916,0.29935108686154094,0.39133641960503
0.5706684499440986,0.2511869652942069,0.17814458476169437
0.26129864252759427,0.3771468202301251,0.36155453724228054
0.2965671592509609,0.4511983062968428,0.2522345344521964
0.13975244001078296,0.5842337428697382,0.27601381711947887
0.4788583568249395,0.3319960013423934,0.18914564183266724
0.261525802056861,0.38779592799045853,0.3506782699526804
0.26281367069746475,0.3121840818873273,0.425002247415208
0.3660068354434386,0.32587241615938073,0.3081207483971806
0.2801545382912337,0.3685577245988996,0.35128773710986666
0.47242491338288045,0.2768431169065655,0.25073196971055406
0.2703513221338256,0.3231830974123835,0.40646558045379083
0.2812938648627881,0.26612044504808785,0.4525856900891242
0.37670994948997244,0.39110426867592485,0.23218578183410266
0.32174454249206685,0.32877290360991857,0.3494825538980145
0.39548842869891915,0.31404940835276346,0.29046216294831745
0.35387142822284623,0.2921082158222915,0.35402035595486225
0.28194298391247663,0.3168682793187473,0.40118873676877614
0.20500022061121737,0.38968528953644743,0.40531448985233515
0.39622766198102716,0.29067285476229765,0.31309948325667525
0.37220104138304705,0.3736667450340343,0.25413221358291876
0.3605363199920681,0.3416320817904968,0.2978315982174352
0.333274597510433,0.32689962010469786,0.3398257823848691
0.625841965280752,0.22697594509992644,0.14718208961932147
0.17764126762532015,0.5712818682979072,0.25107686407677277
0.3934867564399549,0.26394971139505413,0.34256353216499097
0.3870484991067498,0.34978387547712464,0.26316762541612554
0.44697899695643123,0.30397403978010934,0.2490469632634593
0.3656397748477867,0.39186591088181844,0.2424943142703949
0.3269518342718718,0.33111527250447503,0.34193289322365317
0.6080832338930443,0.29976226192513666,0.09215450418181892
0.31561050266144913,0.3676122912727951,0.3167772060657557
0.3425071669364506,0.32466135102146565,0.33283148204208374
0.38905342976003016,0.3377261781461409,0.27322039209382903
0.32968019076531135,0.26404684409274365,0.406272965141945
0.37214734934111526,0.3578861688887498,0.2699664817701351
0.3451503914362332,0.3455274875447841,0.30932212101898254
0.3247384395966136,0.2924119509024196,0.38284960950096697
0.2795415327249041,0.35395933761686194,0.3664991296582339
0.2838353915771179,0.4354231608201564,0.28074144760272574
0.35836050370476574,0.347737848763538,0.2939016475316961
0.32106077562355445,0.35261652871419086,0.32632269566225464
0.46140862139649125,0.30251340416211864,0.23607797444139003
0.26984148937858304,0.4095593578611179,0.320599152760299
0.3470927639046611,0.2869223842587229,0.365984851836616
0.3381659110133343,0.3593710280078846,0.3024630609787809
0.2672615921057263,0.36337504601037124,0.3693633618839025
0.3602974442432645,0.33017318832618764,0.30952936743054776
0.3295733520808662,0.3301944252716621,0.34023222264747166
0.35320553283746453,0.3131627023541937,0.3336317648083418
0.2709759815323819,0.34985748782293513,0.37916653064468303
0.27911865376323247,0.3760183407680556,0.3448630054687119
0.2903900477687983,0.36007127041000253,0.3495386818211991
0.31460030002792894,0.37135200425467096,0.3140476957174001
0.22875212118288496,0.33642767986197264,0.43482019895514246
0.17747113878986212,0.41496201485354356,0.40756684635659435
0.6436437408682902,0.24880791795036364,0.10754834118134618
0.3836094453081574,0.3308307114947791,0.28555984319706357
0.2576358617327686,0.3413402589534677,0.40102387931376365
0.37169221691370385,0.2841893952433098,0.3441183878429864
0.2599596384439857,0.369669567948306,0.37037079360770825
0.31512899763856833,0.352495824653502,0.3323751777079297
0.271301337414498,0.3662614911553799,0.36243717143012194
0.3770499526447708,0.3529720571688325,0.2699779901863966
0.3059402494673273,0.36841423528915057,0.32564551524352214
0.14780292436685286,0.5633184282251307,0.2888786474080165
0.3547220783997458,0.3579053808762531,0.28737254072400115
0.04835033992795408,0.8644221509766024,0.08722750909544358
0.37160232690482653,0.3349145205683709,0.29348315252680257
0.3155266897365836,0.3016773648813645,0.3827959453820518
0.3874642329446074,0.331210636885006,0.28132513017038663
0.31634669251555014,0.35644603968411337,0.3272072678003365
0.3359322306217748,0.3100380767924304,0.3540296925857948
0.4390767722649976,0.3104550328063592,0.25046819492864325
0.3224722624814922,0.35785154481235415,0.3196761927061536
0.3516724918602043,0.36498949558197824,0.28333801255781765
0.5158502023118201,0.28579761804647874,0.1983521796417011
0.3626485241597115,0.34152744573252064,0.29582403010776787
0.27883127155903115,0.3359694586490827,0.38519926979188623
0.34504291825009026,0.3452381857795859,0.3097188959703239
0.3149744014285921,0.40603905110078997,0.2789865474706179
0.2168299783492514,0.3838192702083607,0.39935075144238785
0.1853459880136919,0.6102314012984043,0.2044226106879037
0.35080781640565445,0.33939263525414015,0.30979954834020534
0.23887825674500102,0.4014397038873242,0.3596820393676748
0.32034628389557934,0.3608913352936055,0.3187623808108152
0.3099258065855067,0.3380781609809184,0.3519960324335748
0.3305544354396544,0.332535907611595,0.3369096569487506
0.2795271683391397,0.36618865285785923,0.354284178803001
0.40099002892598673,0.36884442991993693,0.23016554115407648
0.29535782994621373,0.32423736675773374,0.38040480329605264
0.2887603529052004,0.35250738861626113,0.35873225847853846
0.29348173562758445,0.3375161917798316,0.3690020725925839
0.4574903463872287,0.3173427051497629,0.22516694846300833
0.512915302696836,0.26411108127899163,0.2229736160241724
0.25770055349935234,0.3994754289645749,0.3428240175360729
0.31725172339224134,0.3397042347623954,0.34304404184536325
0.4520139243431248,0.29238501164374503,0.25560106401313015
0.30370180450421225,0.3725273997856094,0.3237707957101784
0.3004344981016992,0.34112026908823856,0.35844523281006213
0.3257837154138074,0.3377067356992904,0.3365095488869022
0.37056717034528225,0.3085613325375048,0.3208714971172129
0.3513044472648614,0.33858529343051347,0.3101102593046253
0.17877761612163132,0.5135024711454487,0.30771991273292
0.05930746177451586,0.35707971274914735,0.5836128254763367
0.32024395183785487,0.35214734915111096,0.3276086990110341
0.2301295572128659,0.39994842329701463,0.3699220194901193
0.32095617490191114,0.38482784345842974,0.294215981639659
0.47456445764937255,0.333368537010523,0.1920670053401044
0.33260743205267373,0.34327223057717826,0.32412033737014806
0.362506901279202,0.33626854871774986,0.30122455000304815
0.4350491983407064,0.11087003235125341,0.45408076930804037
0.3466318665690816,0.38659189408353845,0.26677623934738
0.3489386840115256,0.3349076217967273,0.31615369419174727
0.38991939949851573,0.2983283618548404,0.31175223864664375
0.34429315278302974,0.386464119543563,0.26924272767340723
0.31665728087098,0.32741305278639204,0.35592966634262807
0.47943554920704284,0.2553487051687131,0.26521574562424405
0.34740711755656584,0.33254651423022286,0.32004636821321136
0.2902874607855899,0.34343504742517167,0.36627749178923824
0.36621387063867344,0.3347696309203789,0.2990164984409476
0.43101648892498073,0.19792184893461032,0.37106166214040903
0.2760090576518536,0.34526613861341715,0.37872480373472917
0.2707812091263704,0.3629882079862905,0.3662305828873392
0.34961098473333685,0.3548013676645827,0.2955876476020805
0.6957556652865786,0.18084877617109874,0.12339555854232263
0.3611817694663671,0.32776194881866216,0.3110562817149706
0.5075493829068731,0.35226395463337845,0.14018666245974837
0.21017374314431247,0.3863045990201224,0.4035216578355652
0.36821396125494293,0.2760121039949653,0.3557739347500916
0.3001365780561145,0.33856412331983665,0.36129929862404886
0.37780361621612724,0.3496369039224824,0.27255947986139045
0.48150479241077465,0.3236362747985196,0.1948589327907057
0.2921036266139394,0.40772813869820396,0.3001682346878565
0.3035872144051167,0.3709120370528692,0.32550074854201416
0.3489745139716496,0.32444193611433064,0.3265835499140197
0.495115817651083,0.32381099545420067,0.1810731868947163
0.1716314547994843,0.5392340338410925,0.2891345113594233
0.27815418967485167,0.2937987569219387,0.42804705340320975
0.3548845817507065,0.30228229908135273,0.3428331191679409
