row_index,prediction_result,review_text,true_sentiment,predicted_sentiment,prediction_confidence,strongest_feature_group,top_supporting_features,top_opposing_features,explanation
2,wrong,"I ordered 3 sizes up because of the reviews , the material is thinner than I expected but not see through, has thumb holes didn't really notice until after I bought it , so gets baggy at the bottom , I really like how it has the flowy sides the shape nd style of the shirt is really nice on top of a pencil skirt (is the way I'm wearing it , I would say the bag doesn't have much shape but I would go darker to be more sliming, I like the hood and the comfy part of the sweater , it's tighter on my upper arms only cuz I have bigger upper arms the elbow down is bigger material , and it doesn't look like expensive quality but grateful was only 15.99 . I may purchase another color. I bought the pink one(""purple) it's not purple it's actually pink close to the picture looks to me like a rosy darker hot pink color. I am thinning of getting the green one next it'll be a grate live in sweater for the fall and casual for winter under the coat. Love the hood with extra space not too snug",pos,neu,0.5015,SVM,"Enhanced VADER Compound = 0.9897 (contribution: 0.2069);
Enhanced SVM Neu = 0.4502 (contribution: 0.1499);
Enhanced NB Pos = 0.1769 (contribution: 0.0825);
Enhanced NB Neu = 0.6349 (contribution: 0.0653);
Enhanced SVM Neg = 0.2078 (contribution: 0.0652)","Enhanced VADER Neg = 0.0 (contribution: -0.0738);
Enhanced RoBERTa Pos = 0.5938 (contribution: -0.0574);
Enhanced NB Neg = 0.1882 (contribution: -0.0497);
Enhanced RoBERTa Neg = 0.0281 (contribution: -0.0289);
Enhanced SVM Pos = 0.3421 (contribution: -0.0102)","The meta model predicted 'neu' mainly because the strongest supporting signals came from SVM. The top supporting features were Enhanced VADER Compound, Enhanced SVM Neu, Enhanced NB Pos, Enhanced NB Neu, Enhanced SVM Neg. The main opposing signal was Enhanced VADER Neg."
3,wrong,I like the glasses but not the fit. I can't get the nose piece right. They sit on my cheeks.,neu,neg,0.6617,RoBERTa,"Enhanced RoBERTa Neg = 0.7574 (contribution: 0.7295);
Enhanced RoBERTa Pos = 0.0169 (contribution: 0.4772);
Enhanced VADER Compound = -0.2299 (contribution: 0.1776);
Enhanced RoBERTa Neu = 0.2257 (contribution: 0.055);
Enhanced NB Pos = 0.1861 (contribution: 0.0261)","Enhanced NB Neu = 0.4297 (contribution: -0.0299);
Enhanced VADER Neg = 0.131 (contribution: -0.0024);
Enhanced SVM Neu = 0.4671 (contribution: -0.0013)","The meta model predicted 'neg' mainly because the strongest supporting signals came from RoBERTa. The top supporting features were Enhanced RoBERTa Neg, Enhanced RoBERTa Pos, Enhanced VADER Compound, Enhanced RoBERTa Neu, Enhanced NB Pos. The main opposing signal was Enhanced NB Neu."
4,wrong,Too dark to use them indoors.,pos,neg,0.6313,RoBERTa,"Enhanced RoBERTa Neg = 0.6354 (contribution: 0.5108);
Enhanced RoBERTa Pos = 0.0237 (contribution: 0.4673);
Enhanced VADER Compound = 0.0 (contribution: 0.0975);
Enhanced VADER Neu = 1.0 (contribution: 0.036);
Enhanced VADER Pos = 0.0 (contribution: 0.022)","Enhanced RoBERTa Neu = 0.3409 (contribution: -0.0232);
Enhanced NB Neg = 0.3063 (contribution: -0.0148);
Enhanced NB Neu = 0.3799 (contribution: -0.011);
Enhanced NB Pos = 0.3138 (contribution: -0.0012);
Enhanced SVM Neu = 0.3563 (contribution: -0.0001)","The meta model predicted 'neg' mainly because the strongest supporting signals came from RoBERTa. The top supporting features were Enhanced RoBERTa Neg, Enhanced RoBERTa Pos, Enhanced VADER Compound, Enhanced VADER Neu, Enhanced VADER Pos. The main opposing signal was Enhanced RoBERTa Neu."
8,wrong,"Love these so much, but they do not come with the jump rings as advertised in the pitcure. Luckily I had extra in storage, but if you don't, be sure to buy some separately.",pos,neu,0.5019,Naive Bayes,"Enhanced VADER Compound = 0.6815 (contribution: 0.1171);
Enhanced NB Neg = 0.6031 (contribution: 0.0855);
Enhanced RoBERTa Neu = 0.4691 (contribution: 0.0849);
Enhanced NB Pos = 0.183 (contribution: 0.0787)","Enhanced SVM Neu = 0.2501 (contribution: -0.1545);
Enhanced SVM Neg = 0.4308 (contribution: -0.0463);
Enhanced NB Neu = 0.2139 (contribution: -0.0315);
Enhanced RoBERTa Neg = 0.1496 (contribution: -0.018);
Enhanced VADER Neg = 0.062 (contribution: -0.015)","The meta model predicted 'neu' mainly because the strongest supporting signals came from Naive Bayes. The top supporting features were Enhanced VADER Compound, Enhanced NB Neg, Enhanced RoBERTa Neu, Enhanced NB Pos. The main opposing signal was Enhanced SVM Neu."
12,wrong,I bought the book with just a little knowledge of the candle making industry. The problem with the book is its not updated for the new technology and materials that are used in candle making today. Yes it does a good job of breaking down the VERY BASICS but thats it. You need to know more about the industry than this book covers. I got more information from watching videos on youtube and the different candle supply companies websites than the couple of books I recently purchased. Watch videos and get up to date information on new waxes and materials. Save yourself the $15 or whatever you may spend and research the internet and the big candle supply companies out there. They know whats new and what works,neg,neu,0.591,RoBERTa,"Enhanced RoBERTa Neu = 0.5729 (contribution: 0.1392);
Enhanced VADER Compound = 0.7391 (contribution: 0.1339);
Enhanced NB Neg = 0.6029 (contribution: 0.0854);
Enhanced NB Pos = 0.1798 (contribution: 0.0806);
Enhanced VADER Pos = 0.063 (contribution: 0.0411)","Enhanced SVM Neu = 0.3083 (contribution: -0.066);
Enhanced VADER Neg = 0.014 (contribution: -0.0605);
Enhanced NB Neu = 0.2172 (contribution: -0.0308);
Enhanced SVM Pos = 0.4025 (contribution: -0.0295);
Enhanced VADER Neu = 0.923 (contribution: -0.0161)","The meta model predicted 'neu' mainly because the strongest supporting signals came from RoBERTa. The top supporting features were Enhanced RoBERTa Neu, Enhanced VADER Compound, Enhanced NB Neg, Enhanced NB Pos, Enhanced VADER Pos. The main opposing signal was Enhanced SVM Neu."
14,wrong,Much clearer than VHS-to-DVD-to-Digital,pos,neu,0.4419,RoBERTa,"Enhanced RoBERTa Neu = 0.5338 (contribution: 0.1188);
Enhanced VADER Pos = 0.0 (contribution: 0.0654);
Enhanced SVM Pos = 0.1995 (contribution: 0.0353);
Enhanced SVM Neu = 0.3679 (contribution: 0.0248);
Enhanced NB Neu = 0.3723 (contribution: 0.0049)","Enhanced VADER Compound = 0.0 (contribution: -0.0817);
Enhanced VADER Neg = 0.0 (contribution: -0.0738);
Enhanced SVM Neg = 0.4325 (contribution: -0.0471);
Enhanced RoBERTa Neg = 0.0605 (contribution: -0.026);
Enhanced VADER Neu = 1.0 (contribution: -0.0233)","The meta model predicted 'neu' mainly because the strongest supporting signals came from RoBERTa. The top supporting features were Enhanced RoBERTa Neu, Enhanced VADER Pos, Enhanced SVM Pos, Enhanced SVM Neu, Enhanced NB Neu. The main opposing signal was Enhanced VADER Compound."
17,wrong,FIVE STA...er...Make that ONE star!,neg,neu,0.4307,RoBERTa,"Enhanced RoBERTa Neu = 0.5609 (contribution: 0.1329);
Enhanced VADER Pos = 0.0 (contribution: 0.0654);
Enhanced SVM Pos = 0.1974 (contribution: 0.036);
Enhanced NB Pos = 0.2794 (contribution: 0.0181);
Enhanced NB Neg = 0.3859 (contribution: 0.0147)","Enhanced VADER Compound = 0.0 (contribution: -0.0817);
Enhanced VADER Neg = 0.0 (contribution: -0.0738);
Enhanced SVM Neg = 0.4764 (contribution: -0.069);
Enhanced SVM Neu = 0.3263 (contribution: -0.0386);
Enhanced RoBERTa Neg = 0.0422 (contribution: -0.0276)","The meta model predicted 'neu' mainly because the strongest supporting signals came from RoBERTa. The top supporting features were Enhanced RoBERTa Neu, Enhanced VADER Pos, Enhanced SVM Pos, Enhanced NB Pos, Enhanced NB Neg. The main opposing signal was Enhanced VADER Compound."
19,wrong,"Ladies with smaller sized chest would be fine with this product- Ladies with larger (D+), don't bother! The ears don't stick enough to keep the girls lifted and give you a weird shape when they do stick for a couple minutes.",neg,neu,0.4463,RoBERTa,"Enhanced RoBERTa Neu = 0.5467 (contribution: 0.1255);
Enhanced NB Neg = 0.5309 (contribution: 0.0619);
Enhanced RoBERTa Pos = 0.0865 (contribution: 0.0586);
Enhanced NB Pos = 0.238 (contribution: 0.0441);
Enhanced VADER Pos = 0.099 (contribution: 0.0272)","Enhanced SVM Neu = 0.2152 (contribution: -0.2077);
Enhanced SVM Pos = 0.42 (contribution: -0.0351);
Enhanced VADER Neg = 0.041 (contribution: -0.0349);
Enhanced NB Neu = 0.2311 (contribution: -0.0276);
Enhanced SVM Neg = 0.3648 (contribution: -0.0133)","The meta model predicted 'neu' mainly because the strongest supporting signals came from RoBERTa. The top supporting features were Enhanced RoBERTa Neu, Enhanced NB Neg, Enhanced RoBERTa Pos, Enhanced NB Pos, Enhanced VADER Pos. The main opposing signal was Enhanced SVM Neu."
20,wrong,It came stained! I'm so upset too because I planned to wear it to my sons graduation and now I don't have time to order something else.Edit: I raised my star rating from a 1 to a 4 because the company who manufactured the dress reached out and apologized for their mistake with the stains. Anytime a company goes out of there way and acknowledges their mistake I appreciate it.,pos,neg,0.5946,VADER,"Enhanced VADER Compound = -0.6793 (contribution: 0.334);
Enhanced RoBERTa Pos = 0.1179 (contribution: 0.3293);
Enhanced NB Neg = 0.6372 (contribution: 0.1274);
Enhanced RoBERTa Neg = 0.413 (contribution: 0.1122);
Enhanced NB Neu = 0.2116 (contribution: 0.053)","Enhanced RoBERTa Neu = 0.4691 (contribution: -0.1101);
Enhanced VADER Neg = 0.154 (contribution: -0.0035);
Enhanced SVM Pos = 0.3145 (contribution: -0.0005)","The meta model predicted 'neg' mainly because the strongest supporting signals came from VADER. The top supporting features were Enhanced VADER Compound, Enhanced RoBERTa Pos, Enhanced NB Neg, Enhanced RoBERTa Neg, Enhanced NB Neu. The main opposing signal was Enhanced RoBERTa Neu."
28,wrong,"This batch that I bouth in 2010 no only won't burn in either my CD/DVD player but it ejects itself before I can press a button. Same with the other player on my machine which also burns blu rays. I took the DL Verbatims from 2007-2008 and saved them to one BluRay and all the info was transferred wihtout a hitch. The 4.7s work great, I even get what should be DL space items compressed without much quality loss to the 4.7s This is very bad. They did something in the factory that reduced the quality of the DL disk to where the machine dosent even want it to sit there. I kicks it out. Sometimes im lucky if i put it in and press burn right away it will register but more often then not burns coaster.",neg,neu,0.6362,VADER,"Enhanced VADER Compound = 0.8444 (contribution: 0.1646);
Enhanced RoBERTa Neu = 0.5057 (contribution: 0.1041);
Enhanced NB Pos = 0.1696 (contribution: 0.087);
Enhanced NB Neg = 0.5387 (contribution: 0.0645);
Enhanced SVM Neu = 0.3841 (contribution: 0.0494)","Enhanced SVM Neg = 0.413 (contribution: -0.0374);
Enhanced VADER Neg = 0.047 (contribution: -0.0292);
Enhanced RoBERTa Neg = 0.1852 (contribution: -0.0148);
Enhanced NB Neu = 0.2917 (contribution: -0.0136);
Enhanced VADER Neu = 0.843 (contribution: -0.0085)","The meta model predicted 'neu' mainly because the strongest supporting signals came from VADER. The top supporting features were Enhanced VADER Compound, Enhanced RoBERTa Neu, Enhanced NB Pos, Enhanced NB Neg, Enhanced SVM Neu. The main opposing signal was Enhanced SVM Neg."
29,wrong,Built great.,neu,pos,0.8115,RoBERTa,"Enhanced RoBERTa Pos = 0.7823 (contribution: 0.7441);
Enhanced RoBERTa Neg = 0.032 (contribution: 0.5994);
Enhanced VADER Pos = 0.804 (contribution: 0.3266);
Enhanced NB Pos = 0.4162 (contribution: 0.0908);
Enhanced SVM Pos = 0.4904 (contribution: 0.0804)","Enhanced SVM Neg = 0.174 (contribution: -0.0576);
Enhanced RoBERTa Neu = 0.1858 (contribution: -0.0188);
Enhanced NB Neu = 0.3307 (contribution: -0.003)","The meta model predicted 'pos' mainly because the strongest supporting signals came from RoBERTa. The top supporting features were Enhanced RoBERTa Pos, Enhanced RoBERTa Neg, Enhanced VADER Pos, Enhanced NB Pos, Enhanced SVM Pos. The main opposing signal was Enhanced SVM Neg."
30,wrong,These are okay. They are pretty but they are also kinda cheap. But hey look at the price. They do look very nice and are comfortable to wear.,neu,pos,0.5727,RoBERTa,"Enhanced RoBERTa Pos = 0.8516 (contribution: 0.8615);
Enhanced RoBERTa Neg = 0.0111 (contribution: 0.6387);
Enhanced NB Neg = 0.1983 (contribution: 0.1077);
Enhanced VADER Pos = 0.336 (contribution: 0.0856);
Enhanced VADER Neg = 0.0 (contribution: 0.0703)","Enhanced SVM Neu = 0.5454 (contribution: -0.2928);
Enhanced NB Pos = 0.2474 (contribution: -0.0512);
Enhanced SVM Pos = 0.2125 (contribution: -0.0436);
Enhanced SVM Neg = 0.2421 (contribution: -0.0337);
Enhanced RoBERTa Neu = 0.1373 (contribution: -0.0264)","The meta model predicted 'pos' mainly because the strongest supporting signals came from RoBERTa. The top supporting features were Enhanced RoBERTa Pos, Enhanced RoBERTa Neg, Enhanced NB Neg, Enhanced VADER Pos, Enhanced VADER Neg. The main opposing signal was Enhanced SVM Neu."
34,wrong,Just what the travel doctor ordered!,pos,neu,0.4382,RoBERTa,"Enhanced RoBERTa Neu = 0.5666 (contribution: 0.1359);
Enhanced VADER Pos = 0.0 (contribution: 0.0654);
Enhanced RoBERTa Pos = 0.2313 (contribution: 0.0255);
Enhanced SVM Neg = 0.3008 (contribution: 0.0187)","Enhanced SVM Neu = 0.2875 (contribution: -0.0977);
Enhanced VADER Compound = 0.0 (contribution: -0.0817);
Enhanced VADER Neg = 0.0 (contribution: -0.0738);
Enhanced SVM Pos = 0.4118 (contribution: -0.0325);
Enhanced VADER Neu = 1.0 (contribution: -0.0233)","The meta model predicted 'neu' mainly because the strongest supporting signals came from RoBERTa. The top supporting features were Enhanced RoBERTa Neu, Enhanced VADER Pos, Enhanced RoBERTa Pos, Enhanced SVM Neg. The main opposing signal was Enhanced SVM Neu."
36,wrong,"The Road to Gandolfo is a spoof, or satire, or meant to be generally amusing, or some combination of those three.A guy that is kicked out of the army for becoming a political embarrassment, decides to do something even more politically embarrassing. He kidnaps the Pope.The Pope doesn't mind that much, he gets to kick back, shoot the breeze, sink a few cold ones, have a few barbies, and generally be not stressed.The problem will be getting all the Catholics to pay the ransom that they want for him, as he is taxing them all.",pos,neg,0.6272,RoBERTa,"Enhanced RoBERTa Pos = 0.0343 (contribution: 0.4518);
Enhanced RoBERTa Neg = 0.5611 (contribution: 0.3778);
Enhanced VADER Compound = -0.53 (contribution: 0.2821);
Enhanced NB Neg = 0.4005 (contribution: 0.0257);
Enhanced NB Pos = 0.2079 (contribution: 0.0215)","Enhanced RoBERTa Neu = 0.4046 (contribution: -0.0664);
Enhanced NB Neu = 0.3916 (contribution: -0.0154);
Enhanced VADER Neg = 0.096 (contribution: -0.0008);
Enhanced SVM Neu = 0.3714 (contribution: -0.0002)","The meta model predicted 'neg' mainly because the strongest supporting signals came from RoBERTa. The top supporting features were Enhanced RoBERTa Pos, Enhanced RoBERTa Neg, Enhanced VADER Compound, Enhanced NB Neg, Enhanced NB Pos. The main opposing signal was Enhanced RoBERTa Neu."
37,wrong,"They are great, the only reason why I didnt keep them is that I looked bad in these. My body isnt for it, but otherwise if you know you look good in these type of pants- that would be a good buy. Quality is pretty nice.I wished I looked better, but well, life ;)",pos,neu,0.6183,SVM,"Enhanced VADER Compound = 0.9688 (contribution: 0.2008);
Enhanced SVM Neu = 0.4689 (contribution: 0.1785);
Enhanced RoBERTa Neu = 0.4144 (contribution: 0.0563);
Enhanced NB Pos = 0.2207 (contribution: 0.0549);
Enhanced NB Neg = 0.4923 (contribution: 0.0494)","Enhanced VADER Pos = 0.346 (contribution: -0.068);
Enhanced VADER Neg = 0.033 (contribution: -0.0425);
Enhanced RoBERTa Pos = 0.4444 (contribution: -0.0232);
Enhanced RoBERTa Neg = 0.1413 (contribution: -0.0187);
Enhanced NB Neu = 0.2869 (contribution: -0.0147)","The meta model predicted 'neu' mainly because the strongest supporting signals came from SVM. The top supporting features were Enhanced VADER Compound, Enhanced SVM Neu, Enhanced RoBERTa Neu, Enhanced NB Pos, Enhanced NB Neg. The main opposing signal was Enhanced VADER Pos."
38,wrong,Awesome... for 2 weeks junk!,neg,pos,0.494,RoBERTa,"Enhanced RoBERTa Pos = 0.6896 (contribution: 0.5872);
Enhanced RoBERTa Neg = 0.0732 (contribution: 0.5217);
Enhanced VADER Neg = 0.0 (contribution: 0.0703);
Enhanced SVM Neg = 0.4726 (contribution: 0.0471);
Enhanced SVM Neu = 0.3413 (contribution: 0.0157)","Enhanced NB Neg = 0.4895 (contribution: -0.1124);
Enhanced VADER Pos = 0.0 (contribution: -0.0874);
Enhanced NB Pos = 0.2322 (contribution: -0.064);
Enhanced SVM Pos = 0.1861 (contribution: -0.0553);
Enhanced VADER Compound = 0.0 (contribution: -0.0158)","The meta model predicted 'pos' mainly because the strongest supporting signals came from RoBERTa. The top supporting features were Enhanced RoBERTa Pos, Enhanced RoBERTa Neg, Enhanced VADER Neg, Enhanced SVM Neg, Enhanced SVM Neu. The main opposing signal was Enhanced NB Neg."
42,wrong,"the channel memory is funky if its turned up to loud it cuts out the remote is too small and hard to read, understand and hold",neu,neg,0.7546,RoBERTa,"Enhanced RoBERTa Neg = 0.8691 (contribution: 0.9298);
Enhanced RoBERTa Pos = 0.0076 (contribution: 0.4909);
Enhanced VADER Compound = -0.4588 (contribution: 0.2573);
Enhanced RoBERTa Neu = 0.1233 (contribution: 0.1245);
Enhanced SVM Pos = 0.1054 (contribution: 0.0259)","Enhanced NB Neu = 0.4722 (contribution: -0.0461);
Enhanced NB Neg = 0.284 (contribution: -0.0244);
Enhanced VADER Neg = 0.179 (contribution: -0.0046);
Enhanced SVM Neu = 0.4585 (contribution: -0.0012)","The meta model predicted 'neg' mainly because the strongest supporting signals came from RoBERTa. The top supporting features were Enhanced RoBERTa Neg, Enhanced RoBERTa Pos, Enhanced VADER Compound, Enhanced RoBERTa Neu, Enhanced SVM Pos. The main opposing signal was Enhanced NB Neu."
43,wrong,"Wedding planner Carnegie Kincaid is going through a rough patch professionally and personally. Her Seattle based businesses ""Made in Heaven Wedding Design"" is not making much money and her relationship with her commitment phobic significant other Aaron Gold is strained. She decides to attend the wedding of her college friend Tracy West because of the business contacts she will make there as Tracy is a big Hollywood star and her parents know all the movers and shakes.When Carnegie learns her cousin died, she decides that the wedding is the perfect place to get some answers regarding his death. Although Carnegie wasn't close to her cousin Brian Theale, she wants to know if his death was an accident or murder. A professional who examined the body thinks he was murdered but the sheriff and the task force classified it an accident. Brian's fellow smoke jumpers who were with him shortly after he died will be at the wedding so Carnegie will have an easy time questioning the suspects. To her delight, Aaron comes up for the wedding and since he is a journalist with skills that are needed to question suspects, they team up to find out the truth behind Brian's death.The heroine becomes the de facto wedding planner for the West wedding which gives her easy access to the suspects and her determination to find out if the cousin she didn't like was murdered is laudable. Doing her job while trying to scope out a murderer leads to some very funny situations and the comic relief is needed because the tension throughout the storyline is as tight as a high wire. Deborah Donnelly is a very creative writer whose mystery series is refreshingly innovative and totally exciting.Harriet Klausner",pos,neu,0.4325,RoBERTa,"Enhanced RoBERTa Neu = 0.6682 (contribution: 0.1891);
Enhanced SVM Neu = 0.4461 (contribution: 0.1438);
Enhanced VADER Neg = 0.181 (contribution: 0.098);
Enhanced SVM Neg = 0.2143 (contribution: 0.0619);
Enhanced RoBERTa Pos = 0.1546 (contribution: 0.0431)","Enhanced VADER Compound = -0.9583 (contribution: -0.3612);
Enhanced NB Pos = 0.6211 (contribution: -0.1964);
Enhanced NB Neg = 0.1585 (contribution: -0.0594);
Enhanced NB Neu = 0.2204 (contribution: -0.03);
Enhanced RoBERTa Neg = 0.1772 (contribution: -0.0155)","The meta model predicted 'neu' mainly because the strongest supporting signals came from RoBERTa. The top supporting features were Enhanced RoBERTa Neu, Enhanced SVM Neu, Enhanced VADER Neg, Enhanced SVM Neg, Enhanced RoBERTa Pos. The main opposing signal was Enhanced VADER Compound."
49,wrong,"This detector provides barely enough warning distance for my area. I live in a more-or-less heavily forested area of the country (Southern New Hampshire). Our roads are often twisty and hilly, with lots of vegetation to soak up radar waves. I still get by with this detector, but I have to be responsive to alerts as soon as they happen, or pay the consequences. With any radar detector that alerts on X-band, you need to be able to ignore spurious signals issued by automatic doors (WalMart, Target, etc.) and the collision detection sensors used on the more and more well-equipped cars today. I only use mine for X and Xa band detection, since those are typically most used here. LADAR? Forget about it!",neu,neg,0.3921,VADER,"Enhanced VADER Compound = -0.7937 (contribution: 0.3739);
Enhanced RoBERTa Pos = 0.1169 (contribution: 0.3309);
Enhanced NB Neu = 0.2139 (contribution: 0.0521);
Enhanced VADER Pos = 0.026 (contribution: 0.0186);
Enhanced VADER Neu = 0.877 (contribution: 0.0181)","Enhanced RoBERTa Neu = 0.633 (contribution: -0.2214);
Enhanced RoBERTa Neg = 0.2502 (contribution: -0.1797);
Enhanced NB Neg = 0.1593 (contribution: -0.078);
Enhanced NB Pos = 0.6268 (contribution: -0.0681);
Enhanced SVM Pos = 0.4948 (contribution: -0.0234)","The meta model predicted 'neg' mainly because the strongest supporting signals came from VADER. The top supporting features were Enhanced VADER Compound, Enhanced RoBERTa Pos, Enhanced NB Neu, Enhanced VADER Pos, Enhanced VADER Neu. The main opposing signal was Enhanced RoBERTa Neu."
51,wrong,"I got this as a replacement for my first Nexus case that had the magnets come loose. This one does have a sturdy magnet and clasp that won't come loose, but the cover is rather loose fitting and doesn't fold into a stand very well. I got the white case that looked great at first, but it gets dirty quickly and is hard to clean. I tried rubbing alcohol but that dulled the finish.",neg,neu,0.5147,SVM,"Enhanced SVM Neu = 0.5629 (contribution: 0.3216);
Enhanced VADER Neg = 0.172 (contribution: 0.0895);
Enhanced NB Pos = 0.1786 (contribution: 0.0814);
Enhanced RoBERTa Pos = 0.0245 (contribution: 0.0728);
Enhanced SVM Pos = 0.0928 (contribution: 0.0694)","Enhanced NB Neg = 0.2866 (contribution: -0.0176);
Enhanced RoBERTa Neu = 0.2827 (contribution: -0.0126);
Enhanced SVM Neg = 0.3442 (contribution: -0.003)","The meta model predicted 'neu' mainly because the strongest supporting signals came from SVM. The top supporting features were Enhanced SVM Neu, Enhanced VADER Neg, Enhanced NB Pos, Enhanced RoBERTa Pos, Enhanced SVM Pos. The main opposing signal was Enhanced NB Neg."
55,wrong,"Incarcerated in a labor camp in Siberia, Ivan Denisovich struggles to find food, warmth and a bit of dignity over the course of his day as a forced laborer in the Gulag.....One Day in the Life of Ivan DenisovichRich B",pos,neg,0.5926,RoBERTa,"Enhanced RoBERTa Neg = 0.6672 (contribution: 0.5679);
Enhanced RoBERTa Pos = 0.0166 (contribution: 0.4777);
Enhanced VADER Compound = 0.0516 (contribution: 0.0796);
Enhanced VADER Pos = 0.132 (contribution: 0.0049);
Enhanced SVM Neu = 0.3311 (contribution: 0.0002)","Enhanced NB Neg = 0.261 (contribution: -0.0343);
Enhanced NB Neu = 0.421 (contribution: -0.0266);
Enhanced SVM Pos = 0.4422 (contribution: -0.0167);
Enhanced SVM Neg = 0.2267 (contribution: -0.0166);
Enhanced RoBERTa Neu = 0.3162 (contribution: -0.0064)","The meta model predicted 'neg' mainly because the strongest supporting signals came from RoBERTa. The top supporting features were Enhanced RoBERTa Neg, Enhanced RoBERTa Pos, Enhanced VADER Compound, Enhanced VADER Pos, Enhanced SVM Neu. The main opposing signal was Enhanced NB Neg."
56,wrong,"I read this book many years ago when I was 13 or 14 so my memory is a little fuzzy on the details, but I remember it made a huge impression on me at the time. I saw the movie and that is what originally inspired me to read the book, but there is a lot more to the book than just the love story that was portrayed in the movie. There is a lot of political and social history presented in the novel, but not so much that it overwhelms the reader. The story and the history are balanced very well. The main character strives to do well and survive against the odds, which was inspirational despite the fact that so many unfortunate incidents happened to him.",neu,pos,0.642,RoBERTa,"Enhanced RoBERTa Pos = 0.8038 (contribution: 0.7807);
Enhanced RoBERTa Neg = 0.0069 (contribution: 0.6466);
Enhanced NB Neg = 0.1908 (contribution: 0.1133);
Enhanced VADER Compound = 0.9731 (contribution: 0.0392);
Enhanced NB Neu = 0.5764 (contribution: 0.0338)","Enhanced NB Pos = 0.2329 (contribution: -0.0635);
Enhanced SVM Neu = 0.3768 (contribution: -0.0379);
Enhanced RoBERTa Neu = 0.1893 (contribution: -0.0183);
Enhanced SVM Pos = 0.2981 (contribution: -0.0054);
Enhanced SVM Neg = 0.3251 (contribution: -0.0046)","The meta model predicted 'pos' mainly because the strongest supporting signals came from RoBERTa. The top supporting features were Enhanced RoBERTa Pos, Enhanced RoBERTa Neg, Enhanced NB Neg, Enhanced VADER Compound, Enhanced NB Neu. The main opposing signal was Enhanced NB Pos."
61,wrong,"I purchased this in 2013. It was easy to set up and has worked great since then. Only issue is when the display is out of it's dock it will sometimes lock up and require a restart to get the functions to work again. Also, none of the administrative functions work while it is in the dock, have to remove from dock to do anything. Now, here we are in the latter part of 2017 and I can no longer access the system on my iPhone because Uniden had not issued any upgrades that will allow their system to work with IOS 11. Trying to contact Uniden but like so many companies these days they hide their contact information so that you either spend way too much time to find it, or you never find it, which means they don't have to help many people, just sell a product and write it off.",pos,neg,0.6348,RoBERTa,"Enhanced RoBERTa Neg = 0.6496 (contribution: 0.5363);
Enhanced RoBERTa Pos = 0.0354 (contribution: 0.4502);
Enhanced NB Neg = 0.64 (contribution: 0.1286);
Enhanced NB Neu = 0.2107 (contribution: 0.0533);
Enhanced NB Pos = 0.1493 (contribution: 0.034)","Enhanced VADER Compound = 0.3946 (contribution: -0.0399);
Enhanced RoBERTa Neu = 0.315 (contribution: -0.0056)","The meta model predicted 'neg' mainly because the strongest supporting signals came from RoBERTa. The top supporting features were Enhanced RoBERTa Neg, Enhanced RoBERTa Pos, Enhanced NB Neg, Enhanced NB Neu, Enhanced NB Pos. The main opposing signal was Enhanced VADER Compound."
63,wrong,"I have two of these that I'll be returning. The menu functions require about an hour of training. Between the three buttons and power button, it's a puzzle trying to figure out which buttons do what, and how long you have to hold down which button for 1, 2 or 5 seconds to make something happen. Aside from that, I wouldn't have been rating this a bad product if it wasn't for what followed. I hooked one up for a day, and noticed that the time stamp seemed to fall back about 2 minutes every hour. GPS function is a non-existent joke. It simply doesn't work. It did manage to locate where I parked my car, and after that reported everywhere I went at the same location. The time stamp started to jam after 4 hours of use, and after another hour, the camera stopped recording all together losing the last hour of my drive. I'm not sure why it has any sort of built in power source, as it gets about 2 minutes on a full charge before shutting off. Again, I can deal with the power deficiency issue, and complicated menu, the lack of a working GPS, and even the time stamp, but when it just decided to stop recording I'm not seeing the point in having it. I also noticed after taking the time to read the reviews this is a cheap dysfunctional copy of a real product. 09/04/2014 Just an update. I mentioned I purchased two. For kicks and grins I tried the other one today and everything seems to work fine. It is still a little cheap, and difficult to move around the menus, but I admit the other one had to be really screwed up. The GPS on the new one works as well. I'd update the review to three stars from one. I'd give it four stars for overall value if the first one had worked.",neu,neg,0.7601,RoBERTa,"Enhanced RoBERTa Neg = 0.6744 (contribution: 0.5809);
Enhanced RoBERTa Pos = 0.0218 (contribution: 0.4701);
Enhanced VADER Compound = -0.7806 (contribution: 0.3693);
Enhanced NB Neg = 0.6424 (contribution: 0.1297);
Enhanced NB Neu = 0.2105 (contribution: 0.0534)",Enhanced SVM Neu = 0.3854 (contribution: -0.0004),"The meta model predicted 'neg' mainly because the strongest supporting signals came from RoBERTa. The top supporting features were Enhanced RoBERTa Neg, Enhanced RoBERTa Pos, Enhanced VADER Compound, Enhanced NB Neg, Enhanced NB Neu. The main opposing signal was Enhanced SVM Neu."
65,wrong,Too small for my child's head,neu,neg,0.7173,RoBERTa,"Enhanced RoBERTa Neg = 0.8162 (contribution: 0.835);
Enhanced RoBERTa Pos = 0.013 (contribution: 0.483);
Enhanced VADER Compound = 0.0 (contribution: 0.0975);
Enhanced RoBERTa Neu = 0.1708 (contribution: 0.0923);
Enhanced VADER Neu = 1.0 (contribution: 0.036)","Enhanced NB Neu = 0.5402 (contribution: -0.0719);
Enhanced NB Neg = 0.2407 (contribution: -0.043);
Enhanced SVM Neu = 0.3771 (contribution: -0.0003)","The meta model predicted 'neg' mainly because the strongest supporting signals came from RoBERTa. The top supporting features were Enhanced RoBERTa Neg, Enhanced RoBERTa Pos, Enhanced VADER Compound, Enhanced RoBERTa Neu, Enhanced VADER Neu. The main opposing signal was Enhanced NB Neu."
70,wrong,"I took a trip to Thailand and was appalled at what I saw, from the filth and smut to the rampant corruption, prostitution, and hideous architecture. And through it all was the ever-present face of THE KING, hundreds of feet tall on skyscrapers, in subways, on office buildings, billboards...everywhere. Say anything critical of him and you're in big trouble.So my question going into this book was: How much is the King responsible for the Thailand that I experienced? For the innumerable narratives of abuse and extortion at the hands of government officials and one of the world's most deplorable legal systems?My answer after reading much of this book is that the King, even if not directly responsible for all that is foul in Thailand, is a huge power player in the utterly fragmented, rudderless, and byzantine world of this Southeast Asian power. His throne and the hold in which it has over his people, would seem anything but democratic -- as the king himself, in his own words, does not truly believe in the concept. I think we are seeing that play out to this day. Like all monarchs, the takeaway is that he is interested in retaining the power of the throne at all costs, and then implementing public works as a ""gift"" to his people. It's like entering the middle ages.Most fascinating and dizzying of all is that this is all perpetrated in the name of Buddhism, of creating a community of well being and dharma for an entire society. This is one of the most indicting statements I have ever heard against Buddhist precepts, and shows how that religion just like any other can be manipulated for the retention of power by a monarchy. It's actually quite a straightforward story that's played itself over time and again in human history, but the Buddhist and particularly the Hindu notions of royalty give this chapter in human domination a mephitic whiff all of its own. My hat's off to Handley for describing much of this insanely complex power brokering from its origins, but in its play-by=play analysis the book cannot help but be a dense, tiresome slog.But the question remains -- without the King, would Thailand look something more like Burma or Cambodia? A scary thought to be sure.",neu,neg,0.5924,RoBERTa,"Enhanced RoBERTa Neg = 0.9035 (contribution: 0.9915);
Enhanced RoBERTa Pos = 0.0053 (contribution: 0.4942);
Enhanced RoBERTa Neu = 0.0912 (contribution: 0.1463);
Enhanced NB Pos = 0.2219 (contribution: 0.0185);
Enhanced VADER Neu = 0.843 (contribution: 0.0132)","Enhanced VADER Compound = 0.9663 (contribution: -0.2389);
Enhanced NB Neu = 0.5858 (contribution: -0.0892);
Enhanced NB Neg = 0.1923 (contribution: -0.0638);
Enhanced SVM Neg = 0.1872 (contribution: -0.0225);
Enhanced SVM Pos = 0.4225 (contribution: -0.0142)","The meta model predicted 'neg' mainly because the strongest supporting signals came from RoBERTa. The top supporting features were Enhanced RoBERTa Neg, Enhanced RoBERTa Pos, Enhanced RoBERTa Neu, Enhanced NB Pos, Enhanced VADER Neu. The main opposing signal was Enhanced VADER Compound."
72,wrong,"Wanted to update my 4 year old Sony TX630 with SSD. I read here, read there, finally ordered this MTRON drive and then the next evening found an obscure link with a better photo and it clearly showed that ZIF wasn't compatible with the microATA50 Toshiba Drives used in Sonys. I didn't open the OEM box when it came. I wrote Jonny at Rocket Disk and he said they'll restock it for a modest fee so its on its way back. I am writing this as a precaution to buyers who are unsure - the error will cost ya. My Bad. BUT, today, I found conics.net has an SSD that WILL work, similar price range. Too bad they're not on AMAZON.",pos,neg,0.7187,RoBERTa,"Enhanced RoBERTa Neg = 0.679 (contribution: 0.5891);
Enhanced RoBERTa Pos = 0.0207 (contribution: 0.4717);
Enhanced VADER Compound = -0.862 (contribution: 0.3977);
Enhanced NB Neg = 0.5039 (contribution: 0.0701);
Enhanced NB Neu = 0.2827 (contribution: 0.026)","Enhanced SVM Neg = 0.3001 (contribution: -0.0057);
Enhanced VADER Neg = 0.119 (contribution: -0.0019);
Enhanced SVM Neu = 0.467 (contribution: -0.0013)","The meta model predicted 'neg' mainly because the strongest supporting signals came from RoBERTa. The top supporting features were Enhanced RoBERTa Neg, Enhanced RoBERTa Pos, Enhanced VADER Compound, Enhanced NB Neg, Enhanced NB Neu. The main opposing signal was Enhanced SVM Neg."
73,wrong,The chest area of the dress was quite large. I decided to size up like I usually do with online purchases and it fit perfectly at my waist but the chest area was much to large even with the adjustable straps. I am a 34 DD and had this problem. It also has a very low back which is hard to wear a bra with!!!,pos,neg,0.5782,RoBERTa,"Enhanced RoBERTa Pos = 0.0499 (contribution: 0.4289);
Enhanced RoBERTa Neg = 0.5089 (contribution: 0.2841);
Enhanced VADER Compound = -0.4316 (contribution: 0.2478);
Enhanced NB Pos = 0.2222 (contribution: 0.0184);
Enhanced SVM Neg = 0.439 (contribution: 0.015)","Enhanced RoBERTa Neu = 0.4412 (contribution: -0.0912);
Enhanced NB Neu = 0.4112 (contribution: -0.0229);
Enhanced VADER Neu = 0.736 (contribution: -0.0024);
Enhanced VADER Neg = 0.126 (contribution: -0.0022)","The meta model predicted 'neg' mainly because the strongest supporting signals came from RoBERTa. The top supporting features were Enhanced RoBERTa Pos, Enhanced RoBERTa Neg, Enhanced VADER Compound, Enhanced NB Pos, Enhanced SVM Neg. The main opposing signal was Enhanced RoBERTa Neu."
75,wrong,"SPOILER ALERT, SPOILER ALERT!Annakin Skywalker becomes Darth Vadar! oh yeah, everyone already knew that.my only disappointment with this book; no scenes on the wookie homeworld. it's my understanding it is shown and featured in the movie, yet nothing in these pages other than ""yep, Yoda went there and escaped thanks to Bail Organa.""still, this is a fine read.",pos,neg,0.4495,RoBERTa,"Enhanced RoBERTa Pos = 0.0758 (contribution: 0.391);
Enhanced RoBERTa Neg = 0.4993 (contribution: 0.267);
Enhanced NB Neu = 0.2397 (contribution: 0.0423);
Enhanced SVM Neg = 0.3838 (contribution: 0.0068);
Enhanced VADER Pos = 0.156 (contribution: 0.0018)","Enhanced VADER Compound = 0.6016 (contribution: -0.1119);
Enhanced RoBERTa Neu = 0.4248 (contribution: -0.0801);
Enhanced NB Pos = 0.5289 (contribution: -0.0472);
Enhanced NB Neg = 0.2314 (contribution: -0.047);
Enhanced SVM Pos = 0.3937 (contribution: -0.0106)","The meta model predicted 'neg' mainly because the strongest supporting signals came from RoBERTa. The top supporting features were Enhanced RoBERTa Pos, Enhanced RoBERTa Neg, Enhanced NB Neu, Enhanced SVM Neg, Enhanced VADER Pos. The main opposing signal was Enhanced VADER Compound."
76,wrong,"He says something as if it is in ""quotation marks,"" in EVERY sentence. Who talks like that? Gets to be distracting.Also, he references ""study after study"" frequently, but I would love to hear him cite a study.My main gripe with him is his speaking habit of quoting one-third to one-half of each sentence. You'll know what I mean when you listen to him speak about ANYTHING. No other speaker does this.",neg,neu,0.5903,SVM,"Enhanced SVM Neu = 0.5649 (contribution: 0.3246);
Enhanced VADER Compound = 0.7469 (contribution: 0.1361);
Enhanced SVM Neg = 0.1836 (contribution: 0.0772);
Enhanced RoBERTa Pos = 0.0385 (contribution: 0.0696);
Enhanced NB Neu = 0.5718 (contribution: 0.0508)","Enhanced NB Neg = 0.1899 (contribution: -0.0491);
Enhanced VADER Neg = 0.037 (contribution: -0.0387);
Enhanced VADER Neu = 0.829 (contribution: -0.0072)","The meta model predicted 'neu' mainly because the strongest supporting signals came from SVM. The top supporting features were Enhanced SVM Neu, Enhanced VADER Compound, Enhanced SVM Neg, Enhanced RoBERTa Pos, Enhanced NB Neu. The main opposing signal was Enhanced NB Neg."
83,wrong,Bottoms made small,neg,neu,0.4919,RoBERTa,"Enhanced RoBERTa Neu = 0.5999 (contribution: 0.1534);
Enhanced VADER Pos = 0.0 (contribution: 0.0654);
Enhanced RoBERTa Pos = 0.098 (contribution: 0.056);
Enhanced SVM Neu = 0.3729 (contribution: 0.0323);
Enhanced SVM Pos = 0.2172 (contribution: 0.0297)","Enhanced VADER Compound = 0.0 (contribution: -0.0817);
Enhanced VADER Neg = 0.0 (contribution: -0.0738);
Enhanced SVM Neg = 0.4099 (contribution: -0.0358);
Enhanced VADER Neu = 1.0 (contribution: -0.0233);
Enhanced NB Pos = 0.3234 (contribution: -0.0095)","The meta model predicted 'neu' mainly because the strongest supporting signals came from RoBERTa. The top supporting features were Enhanced RoBERTa Neu, Enhanced VADER Pos, Enhanced RoBERTa Pos, Enhanced SVM Neu, Enhanced SVM Pos. The main opposing signal was Enhanced VADER Compound."
85,wrong,It's comfy but the shirt keeps coming up,pos,neu,0.5072,RoBERTa,"Enhanced RoBERTa Neu = 0.6153 (contribution: 0.1614);
Enhanced VADER Pos = 0.0 (contribution: 0.0654);
Enhanced NB Pos = 0.2371 (contribution: 0.0447);
Enhanced RoBERTa Pos = 0.1582 (contribution: 0.0422);
Enhanced NB Neu = 0.4175 (contribution: 0.0153)","Enhanced VADER Compound = 0.0 (contribution: -0.0817);
Enhanced VADER Neg = 0.0 (contribution: -0.0738);
Enhanced SVM Neg = 0.4051 (contribution: -0.0334);
Enhanced SVM Neu = 0.3323 (contribution: -0.0295);
Enhanced VADER Neu = 1.0 (contribution: -0.0233)","The meta model predicted 'neu' mainly because the strongest supporting signals came from RoBERTa. The top supporting features were Enhanced RoBERTa Neu, Enhanced VADER Pos, Enhanced NB Pos, Enhanced RoBERTa Pos, Enhanced NB Neu. The main opposing signal was Enhanced VADER Compound."
87,wrong,"I think I expected too much from this book and was therefore disappointed with it. It was an interesting account of Griffin's follies, but it wasn't as eerie as I had thought it would be. If you're into sci-fi you should read it, otherwise...well, it's up to you.",neu,neg,0.4759,RoBERTa,"Enhanced RoBERTa Pos = 0.0323 (contribution: 0.4546);
Enhanced RoBERTa Neg = 0.5949 (contribution: 0.4382);
Enhanced NB Pos = 0.176 (contribution: 0.0283);
Enhanced VADER Neu = 0.865 (contribution: 0.0164);
Enhanced SVM Pos = 0.1969 (contribution: 0.0143)","Enhanced NB Neu = 0.6053 (contribution: -0.0967);
Enhanced NB Neg = 0.2187 (contribution: -0.0525);
Enhanced RoBERTa Neu = 0.3728 (contribution: -0.0448);
Enhanced VADER Compound = 0.3538 (contribution: -0.0257);
Enhanced SVM Neu = 0.39 (contribution: -0.0004)","The meta model predicted 'neg' mainly because the strongest supporting signals came from RoBERTa. The top supporting features were Enhanced RoBERTa Pos, Enhanced RoBERTa Neg, Enhanced NB Pos, Enhanced VADER Neu, Enhanced SVM Pos. The main opposing signal was Enhanced NB Neu."
88,wrong,Work for our PS4 but are fragile.,neg,neu,0.4599,RoBERTa,"Enhanced VADER Neg = 0.381 (contribution: 0.2879);
Enhanced RoBERTa Neu = 0.5562 (contribution: 0.1305);
Enhanced VADER Pos = 0.0 (contribution: 0.0654);
Enhanced RoBERTa Pos = 0.0771 (contribution: 0.0608);
Enhanced VADER Neu = 0.619 (contribution: 0.0126)","Enhanced VADER Compound = -0.5719 (contribution: -0.2485);
Enhanced NB Pos = 0.5327 (contribution: -0.1409);
Enhanced NB Neg = 0.2195 (contribution: -0.0395);
Enhanced NB Neu = 0.2478 (contribution: -0.0237);
Enhanced SVM Neu = 0.3474 (contribution: -0.0066)","The meta model predicted 'neu' mainly because the strongest supporting signals came from RoBERTa. The top supporting features were Enhanced VADER Neg, Enhanced RoBERTa Neu, Enhanced VADER Pos, Enhanced RoBERTa Pos, Enhanced VADER Neu. The main opposing signal was Enhanced VADER Compound."
91,wrong,Keyboard won't charge anymore. It lasted maybe three months ...,neg,neu,0.5726,SVM,"Enhanced SVM Neu = 0.5281 (contribution: 0.2686);
Enhanced VADER Neg = 0.333 (contribution: 0.2423);
Enhanced RoBERTa Neu = 0.5072 (contribution: 0.1049);
Enhanced NB Pos = 0.1915 (contribution: 0.0733);
Enhanced SVM Pos = 0.0829 (contribution: 0.0726)","Enhanced VADER Compound = -0.6124 (contribution: -0.2603);
Enhanced SVM Neg = 0.3891 (contribution: -0.0254);
Enhanced NB Neg = 0.331 (contribution: -0.0032)","The meta model predicted 'neu' mainly because the strongest supporting signals came from SVM. The top supporting features were Enhanced SVM Neu, Enhanced VADER Neg, Enhanced RoBERTa Neu, Enhanced NB Pos, Enhanced SVM Pos. The main opposing signal was Enhanced VADER Compound."
94,wrong,"Decent quality for tracking, they work",neu,pos,0.6044,RoBERTa,"Enhanced RoBERTa Pos = 0.7627 (contribution: 0.711);
Enhanced RoBERTa Neg = 0.013 (contribution: 0.6352);
Enhanced VADER Neg = 0.0 (contribution: 0.0703);
Enhanced SVM Neg = 0.3556 (contribution: 0.0061)","Enhanced VADER Pos = 0.0 (contribution: -0.0874);
Enhanced SVM Neu = 0.3792 (contribution: -0.0416);
Enhanced SVM Pos = 0.2653 (contribution: -0.02);
Enhanced VADER Compound = 0.0 (contribution: -0.0158);
Enhanced RoBERTa Neu = 0.2244 (contribution: -0.0128)","The meta model predicted 'pos' mainly because the strongest supporting signals came from RoBERTa. The top supporting features were Enhanced RoBERTa Pos, Enhanced RoBERTa Neg, Enhanced VADER Neg, Enhanced SVM Neg. The main opposing signal was Enhanced VADER Pos."
97,wrong,"chain isn't the best ""fake"" quality but the charm is cute and unique. I just put it on another one of my chains.",pos,neu,0.4642,VADER,"Enhanced VADER Compound = 0.7481 (contribution: 0.1365);
Enhanced RoBERTa Neu = 0.4468 (contribution: 0.0733);
Enhanced SVM Neu = 0.3724 (contribution: 0.0316);
Enhanced NB Pos = 0.2634 (contribution: 0.0281);
Enhanced NB Neu = 0.4311 (contribution: 0.0184)","Enhanced RoBERTa Pos = 0.5124 (contribution: -0.0388);
Enhanced VADER Pos = 0.263 (contribution: -0.036);
Enhanced RoBERTa Neg = 0.0408 (contribution: -0.0277);
Enhanced NB Neg = 0.3055 (contribution: -0.0115);
Enhanced SVM Neg = 0.357 (contribution: -0.0094)","The meta model predicted 'neu' mainly because the strongest supporting signals came from VADER. The top supporting features were Enhanced VADER Compound, Enhanced RoBERTa Neu, Enhanced SVM Neu, Enhanced NB Pos, Enhanced NB Neu. The main opposing signal was Enhanced RoBERTa Pos."
99,wrong,"These sit on your ears (they do not ""cup"" the ears) but are very comfortable. They are not very loud which concerns me.",neu,pos,0.437,RoBERTa,"Enhanced RoBERTa Neg = 0.1191 (contribution: 0.4354);
Enhanced SVM Neu = 0.2436 (contribution: 0.1633);
Enhanced NB Pos = 0.3929 (contribution: 0.0712);
Enhanced VADER Neg = 0.0 (contribution: 0.0703);
Enhanced SVM Neg = 0.5222 (contribution: 0.0645)","Enhanced RoBERTa Pos = 0.2935 (contribution: -0.0834);
Enhanced SVM Pos = 0.2342 (contribution: -0.0339);
Enhanced NB Neg = 0.3633 (contribution: -0.017);
Enhanced NB Neu = 0.2438 (contribution: -0.0161);
Enhanced VADER Neu = 0.818 (contribution: -0.0033)","The meta model predicted 'pos' mainly because the strongest supporting signals came from RoBERTa. The top supporting features were Enhanced RoBERTa Neg, Enhanced SVM Neu, Enhanced NB Pos, Enhanced VADER Neg, Enhanced SVM Neg. The main opposing signal was Enhanced RoBERTa Pos."
100,wrong,The pattern is not the same as the model! But the bathing suit is still cute. Fits pretty well and has padding that can be removed. I got a small and I weigh 125 pounds I'm 57 and I'm at 32A,neg,pos,0.6096,RoBERTa,"Enhanced RoBERTa Neg = 0.0651 (contribution: 0.537);
Enhanced RoBERTa Pos = 0.4746 (contribution: 0.2232);
Enhanced NB Pos = 0.5414 (contribution: 0.1962);
Enhanced NB Neg = 0.2107 (contribution: 0.0983);
Enhanced VADER Neg = 0.0 (contribution: 0.0703)","Enhanced NB Neu = 0.2479 (contribution: -0.0155);
Enhanced SVM Neg = 0.3218 (contribution: -0.0058);
Enhanced VADER Neu = 0.757 (contribution: -0.0002)","The meta model predicted 'pos' mainly because the strongest supporting signals came from RoBERTa. The top supporting features were Enhanced RoBERTa Neg, Enhanced RoBERTa Pos, Enhanced NB Pos, Enhanced NB Neg, Enhanced VADER Neg. The main opposing signal was Enhanced NB Neu."
101,wrong,Fahrenheit 451 was a disappointing book for a reader who is not an avid science fiction lover. This book is very difficult to read. The correctors a sometimes very confusing to understand. The setting is also very hard to have a visual picture. Although the plot is very good the way that it is described is hard to understand. I think if you are a science fiction lover that you would like this book. But if you sometimes like to read science fiction you will not like this because you have to be a huge science fiction lover to like this. I also think you need to be above the 6th grade or a very advanced reader.,neg,neu,0.5549,VADER,"Enhanced VADER Compound = 0.9711 (contribution: 0.2015);
Enhanced RoBERTa Pos = 0.0489 (contribution: 0.0673);
Enhanced RoBERTa Neu = 0.4042 (contribution: 0.051);
Enhanced SVM Neu = 0.3714 (contribution: 0.0301);
Enhanced NB Neu = 0.4451 (contribution: 0.0216)","Enhanced NB Neg = 0.2679 (contribution: -0.0237);
Enhanced VADER Pos = 0.225 (contribution: -0.0213);
Enhanced SVM Pos = 0.3324 (contribution: -0.0071);
Enhanced VADER Neg = 0.074 (contribution: -0.0036)","The meta model predicted 'neu' mainly because the strongest supporting signals came from VADER. The top supporting features were Enhanced VADER Compound, Enhanced RoBERTa Pos, Enhanced RoBERTa Neu, Enhanced SVM Neu, Enhanced NB Neu. The main opposing signal was Enhanced NB Neg."
104,wrong,This is a must read for any followers of Machiavellian prince apples. Prawns and other Wannabees may discover knew uses for ancient manipulative Phycodian garble de spooks. Dat auld white majick sin four skin. Hal Zwingi,neg,pos,0.5272,RoBERTa,"Enhanced RoBERTa Neg = 0.0804 (contribution: 0.5083);
Enhanced NB Pos = 0.6336 (contribution: 0.2738);
Enhanced NB Neg = 0.1569 (contribution: 0.1389);
Enhanced SVM Pos = 0.5454 (contribution: 0.1049);
Enhanced RoBERTa Pos = 0.3934 (contribution: 0.0856)","Enhanced VADER Pos = 0.0 (contribution: -0.0874);
Enhanced SVM Neg = 0.1259 (contribution: -0.0744);
Enhanced VADER Compound = -0.5574 (contribution: -0.0474);
Enhanced NB Neu = 0.2095 (contribution: -0.0212);
Enhanced VADER Neg = 0.096 (contribution: -0.0165)","The meta model predicted 'pos' mainly because the strongest supporting signals came from RoBERTa. The top supporting features were Enhanced RoBERTa Neg, Enhanced NB Pos, Enhanced NB Neg, Enhanced SVM Pos, Enhanced RoBERTa Pos. The main opposing signal was Enhanced VADER Pos."
105,wrong,It was suppose to be Prime but it took 3 weeks to get here!! I did not like it one bit! The size ran small!!,neu,neg,0.8242,RoBERTa,"Enhanced RoBERTa Neg = 0.9151 (contribution: 1.0124);
Enhanced RoBERTa Pos = 0.0079 (contribution: 0.4905);
Enhanced VADER Compound = -0.8192 (contribution: 0.3828);
Enhanced RoBERTa Neu = 0.077 (contribution: 0.156);
Enhanced NB Neg = 0.5002 (contribution: 0.0685)","Enhanced VADER Neg = 0.274 (contribution: -0.009);
Enhanced VADER Neu = 0.726 (contribution: -0.0039);
Enhanced SVM Neu = 0.4048 (contribution: -0.0006)","The meta model predicted 'neg' mainly because the strongest supporting signals came from RoBERTa. The top supporting features were Enhanced RoBERTa Neg, Enhanced RoBERTa Pos, Enhanced VADER Compound, Enhanced RoBERTa Neu, Enhanced NB Neg. The main opposing signal was Enhanced VADER Neg."
107,wrong,L was way too small and XL way too big?,neu,neg,0.6196,RoBERTa,"Enhanced RoBERTa Neg = 0.6451 (contribution: 0.5283);
Enhanced RoBERTa Pos = 0.0198 (contribution: 0.473);
Enhanced VADER Compound = 0.0 (contribution: 0.0975);
Enhanced VADER Neu = 1.0 (contribution: 0.036);
Enhanced VADER Pos = 0.0 (contribution: 0.022)","Enhanced NB Neu = 0.4478 (contribution: -0.0368);
Enhanced RoBERTa Neu = 0.335 (contribution: -0.0192);
Enhanced NB Neg = 0.3039 (contribution: -0.0158);
Enhanced SVM Neu = 0.3778 (contribution: -0.0003)","The meta model predicted 'neg' mainly because the strongest supporting signals came from RoBERTa. The top supporting features were Enhanced RoBERTa Neg, Enhanced RoBERTa Pos, Enhanced VADER Compound, Enhanced VADER Neu, Enhanced VADER Pos. The main opposing signal was Enhanced NB Neu."
109,wrong,"Have read a good third of the book so far. Story is usually fine and moves right along, is humorous at times even--which is o.k.; the thing that bugs this reader is the fact the author seems to slow things down now and then whenever he attempts to cram his political views down the reader's throat. I don't mind messages in small doses, but to stop your narrative and get on a soap box and start preaching is just plain stupid and bothersome and does not work. Rocky is a good word to describe this tale. On the other hand, I loved Cottonpickers. Your money, your choice.",neu,neg,0.6408,RoBERTa,"Enhanced RoBERTa Neg = 0.7534 (contribution: 0.7225);
Enhanced RoBERTa Pos = 0.0198 (contribution: 0.4731);
Enhanced RoBERTa Neu = 0.2268 (contribution: 0.0543);
Enhanced VADER Compound = 0.128 (contribution: 0.053);
Enhanced NB Neg = 0.4534 (contribution: 0.0484)","Enhanced NB Neu = 0.3824 (contribution: -0.0119);
Enhanced VADER Neu = 0.721 (contribution: -0.0046);
Enhanced VADER Neg = 0.129 (contribution: -0.0023);
Enhanced SVM Neu = 0.4313 (contribution: -0.0009)","The meta model predicted 'neg' mainly because the strongest supporting signals came from RoBERTa. The top supporting features were Enhanced RoBERTa Neg, Enhanced RoBERTa Pos, Enhanced RoBERTa Neu, Enhanced VADER Compound, Enhanced NB Neg. The main opposing signal was Enhanced NB Neu."
116,wrong,Unable to install with Windows 7,neu,neg,0.7426,RoBERTa,"Enhanced RoBERTa Neg = 0.7681 (contribution: 0.7488);
Enhanced RoBERTa Pos = 0.0141 (contribution: 0.4814);
Enhanced VADER Compound = 0.0 (contribution: 0.0975);
Enhanced RoBERTa Neu = 0.2178 (contribution: 0.0604);
Enhanced VADER Neu = 1.0 (contribution: 0.036)","Enhanced SVM Pos = 0.4791 (contribution: -0.0214);
Enhanced SVM Neg = 0.273 (contribution: -0.0097);
Enhanced NB Pos = 0.3349 (contribution: -0.0057);
Enhanced NB Neg = 0.339 (contribution: -0.0008)","The meta model predicted 'neg' mainly because the strongest supporting signals came from RoBERTa. The top supporting features were Enhanced RoBERTa Neg, Enhanced RoBERTa Pos, Enhanced VADER Compound, Enhanced RoBERTa Neu, Enhanced VADER Neu. The main opposing signal was Enhanced SVM Pos."
118,wrong,"We used this book in x-ray technology school and in preparation for the CT exam. The images are alright, although some of them are not the best quality. Also, by the time you get to the point of learning cross sectional anatomy you should have a deep knowledge of human anatomy, so I really don't see why the writer wasted so much useful space by writing about structure and physiology. I also didn't like the labeling, because instead of using numbers like most books do, they used abbreviations... kind of a give-away if you try to practice.",neu,neg,0.7262,RoBERTa,"Enhanced RoBERTa Neg = 0.7823 (contribution: 0.7743);
Enhanced RoBERTa Pos = 0.011 (contribution: 0.4859);
Enhanced VADER Compound = -0.6183 (contribution: 0.3128);
Enhanced RoBERTa Neu = 0.2067 (contribution: 0.0679);
Enhanced NB Pos = 0.2223 (contribution: 0.0184)","Enhanced NB Neu = 0.4664 (contribution: -0.0439);
Enhanced SVM Neg = 0.2408 (contribution: -0.0145);
Enhanced NB Neg = 0.3113 (contribution: -0.0127);
Enhanced VADER Neg = 0.113 (contribution: -0.0016);
Enhanced SVM Pos = 0.3191 (contribution: -0.0011)","The meta model predicted 'neg' mainly because the strongest supporting signals came from RoBERTa. The top supporting features were Enhanced RoBERTa Neg, Enhanced RoBERTa Pos, Enhanced VADER Compound, Enhanced RoBERTa Neu, Enhanced NB Pos. The main opposing signal was Enhanced NB Neu."
119,wrong,This product looks very nice and I liked it until I put it on. I also notice some embedded images in the dress as well. I would show a picture but I could not put my arm in it.,neg,pos,0.5965,RoBERTa,"Enhanced RoBERTa Neg = 0.0533 (contribution: 0.5594);
Enhanced RoBERTa Pos = 0.6241 (contribution: 0.4764);
Enhanced SVM Neu = 0.2716 (contribution: 0.121);
Enhanced SVM Pos = 0.5373 (contribution: 0.1013);
Enhanced VADER Neg = 0.0 (contribution: 0.0703)","Enhanced SVM Neg = 0.1911 (contribution: -0.0516);
Enhanced NB Neg = 0.4001 (contribution: -0.0448);
Enhanced NB Pos = 0.2916 (contribution: -0.014);
Enhanced NB Neu = 0.3083 (contribution: -0.0064);
Enhanced VADER Pos = 0.158 (contribution: -0.006)","The meta model predicted 'pos' mainly because the strongest supporting signals came from RoBERTa. The top supporting features were Enhanced RoBERTa Neg, Enhanced RoBERTa Pos, Enhanced SVM Neu, Enhanced SVM Pos, Enhanced VADER Neg. The main opposing signal was Enhanced SVM Neg."
120,wrong,It broke butterfly came off,neg,neu,0.6185,SVM,"Enhanced VADER Neg = 0.412 (contribution: 0.3173);
Enhanced SVM Neu = 0.5395 (contribution: 0.286);
Enhanced RoBERTa Neu = 0.5407 (contribution: 0.1224);
Enhanced RoBERTa Pos = 0.0432 (contribution: 0.0686);
Enhanced VADER Pos = 0.0 (contribution: 0.0654)","Enhanced VADER Compound = -0.4215 (contribution: -0.2046);
Enhanced NB Neg = 0.3295 (contribution: -0.0037)","The meta model predicted 'neu' mainly because the strongest supporting signals came from SVM. The top supporting features were Enhanced VADER Neg, Enhanced SVM Neu, Enhanced RoBERTa Neu, Enhanced RoBERTa Pos, Enhanced VADER Pos. The main opposing signal was Enhanced VADER Compound."
122,wrong,"These are very comfortable, but after a couple of washes, it's a bit looser.",pos,neu,0.5291,SVM,"Enhanced RoBERTa Neu = 0.5466 (contribution: 0.1255);
Enhanced SVM Neu = 0.4205 (contribution: 0.1048);
Enhanced NB Pos = 0.198 (contribution: 0.0692);
Enhanced NB Neu = 0.6015 (contribution: 0.0576);
Enhanced SVM Neg = 0.2402 (contribution: 0.0489)","Enhanced VADER Neg = 0.0 (contribution: -0.0738);
Enhanced NB Neg = 0.2005 (contribution: -0.0457);
Enhanced RoBERTa Neg = 0.0702 (contribution: -0.0251);
Enhanced SVM Pos = 0.3392 (contribution: -0.0093);
Enhanced RoBERTa Pos = 0.3832 (contribution: -0.0092)","The meta model predicted 'neu' mainly because the strongest supporting signals came from SVM. The top supporting features were Enhanced RoBERTa Neu, Enhanced SVM Neu, Enhanced NB Pos, Enhanced NB Neu, Enhanced SVM Neg. The main opposing signal was Enhanced VADER Neg."
125,wrong,"Until Thomas L. Thompson's ""The Mythic Past,"" this was the best (and still the briefest) read on the essential history behind the stories that inspire us. While the author questions orthodox (fundamentalist) interpretations (where do YOU draw the line between mythic truth and historical accuracy -- Adam & Eve? the Patriarchs? Moses? David & Solomon? Josiah?... you get the picture) it in no way interferes with a devout appreciation of the scriptures, or with a contemporary concern for the political integrity of the Holy Land, etc. Worth tracking down if you're interested in the subject.",pos,neu,0.4746,SVM,"Enhanced VADER Compound = 0.961 (contribution: 0.1986);
Enhanced SVM Neu = 0.4539 (contribution: 0.1557);
Enhanced SVM Neg = 0.1507 (contribution: 0.0937);
Enhanced NB Neu = 0.5476 (contribution: 0.0452);
Enhanced RoBERTa Neu = 0.3827 (contribution: 0.0397)","Enhanced RoBERTa Pos = 0.5963 (contribution: -0.058);
Enhanced VADER Neg = 0.021 (contribution: -0.0539);
Enhanced NB Neg = 0.1891 (contribution: -0.0494);
Enhanced RoBERTa Neg = 0.021 (contribution: -0.0295);
Enhanced SVM Pos = 0.3954 (contribution: -0.0272)","The meta model predicted 'neu' mainly because the strongest supporting signals came from SVM. The top supporting features were Enhanced VADER Compound, Enhanced SVM Neu, Enhanced SVM Neg, Enhanced NB Neu, Enhanced RoBERTa Neu. The main opposing signal was Enhanced RoBERTa Pos."
128,wrong,"Do not buy if you have a Mac with the latest MacOS, as it has issue with its current driver. I am still waiting for an update.",neu,neg,0.7789,RoBERTa,"Enhanced RoBERTa Neg = 0.785 (contribution: 0.7791);
Enhanced RoBERTa Pos = 0.013 (contribution: 0.483);
Enhanced NB Neg = 0.6316 (contribution: 0.125);
Enhanced VADER Compound = 0.0 (contribution: 0.0975);
Enhanced RoBERTa Neu = 0.202 (contribution: 0.0711)",Enhanced SVM Pos = 0.3569 (contribution: -0.0059),"The meta model predicted 'neg' mainly because the strongest supporting signals came from RoBERTa. The top supporting features were Enhanced RoBERTa Neg, Enhanced RoBERTa Pos, Enhanced NB Neg, Enhanced VADER Compound, Enhanced RoBERTa Neu. The main opposing signal was Enhanced SVM Pos."
129,wrong,"1 star for the language learning, could have 4 or 5 for the communicational purpose. This might be a very good guide for a person wanting to go to Japan, it teaches lot's of communicational situations, but of he language itself it teaches almost nothing, almost no (!) grammar and only a part of the script. At this rithym you'll need until volume 20.",neg,pos,0.6469,RoBERTa,"Enhanced RoBERTa Neg = 0.0608 (contribution: 0.5451);
Enhanced NB Pos = 0.587 (contribution: 0.2346);
Enhanced RoBERTa Pos = 0.4559 (contribution: 0.1915);
Enhanced SVM Neu = 0.2603 (contribution: 0.1381);
Enhanced NB Neg = 0.174 (contribution: 0.126)","Enhanced VADER Pos = 0.067 (contribution: -0.0529);
Enhanced SVM Neg = 0.234 (contribution: -0.0365);
Enhanced NB Neu = 0.239 (contribution: -0.0168);
Enhanced VADER Neu = 0.933 (contribution: -0.0092)","The meta model predicted 'pos' mainly because the strongest supporting signals came from RoBERTa. The top supporting features were Enhanced RoBERTa Neg, Enhanced NB Pos, Enhanced RoBERTa Pos, Enhanced SVM Neu, Enhanced NB Neg. The main opposing signal was Enhanced VADER Pos."
131,wrong,"As debut novels go, this one was fairly good. The author introduces us to Conrad Voort, a police officer who comes from a long family line of law enforcement officers, and who also just happens to be the 'richest cop in New York'. Although Voort's personal relationship has just hit the skids, work must continue. He and his partner (who is also wealthy) must track down a killer who is leaving the initials BHC at each of the murder scenes. About half way through the book, the author throws in a wonderful twist as to the identity of the members of the Broken Hearts Club. The only real downside to this book is the author's continuing references regarding Voort's wealth in places where it isn't relevant to the storyline. When the author does this, it detracts from the storyline and the fact Voort is excellent cop with a sharp mind.",neu,pos,0.4525,RoBERTa,"Enhanced RoBERTa Neg = 0.0219 (contribution: 0.6184);
Enhanced RoBERTa Pos = 0.6262 (contribution: 0.4799);
Enhanced NB Neg = 0.1895 (contribution: 0.1142);
Enhanced NB Neu = 0.6218 (contribution: 0.0407);
Enhanced RoBERTa Neu = 0.3519 (contribution: 0.007)","Enhanced SVM Neu = 0.4553 (contribution: -0.1566);
Enhanced NB Pos = 0.1886 (contribution: -0.1007);
Enhanced VADER Compound = -0.4111 (contribution: -0.0391);
Enhanced VADER Pos = 0.107 (contribution: -0.0323);
Enhanced VADER Neg = 0.111 (contribution: -0.03)","The meta model predicted 'pos' mainly because the strongest supporting signals came from RoBERTa. The top supporting features were Enhanced RoBERTa Neg, Enhanced RoBERTa Pos, Enhanced NB Neg, Enhanced NB Neu, Enhanced RoBERTa Neu. The main opposing signal was Enhanced SVM Neu."
136,wrong,You need to find a really good station in order for it to work properly,neu,pos,0.6932,RoBERTa,"Enhanced RoBERTa Neg = 0.0194 (contribution: 0.623);
Enhanced RoBERTa Pos = 0.6999 (contribution: 0.6048);
Enhanced SVM Neu = 0.2787 (contribution: 0.1103);
Enhanced VADER Neg = 0.0 (contribution: 0.0703);
Enhanced NB Pos = 0.3803 (contribution: 0.0606)","Enhanced SVM Neg = 0.2815 (contribution: -0.0199);
Enhanced NB Neg = 0.3633 (contribution: -0.0171);
Enhanced NB Neu = 0.2564 (contribution: -0.0142);
Enhanced RoBERTa Neu = 0.2806 (contribution: -0.0041);
Enhanced VADER Neu = 0.803 (contribution: -0.0026)","The meta model predicted 'pos' mainly because the strongest supporting signals came from RoBERTa. The top supporting features were Enhanced RoBERTa Neg, Enhanced RoBERTa Pos, Enhanced SVM Neu, Enhanced VADER Neg, Enhanced NB Pos. The main opposing signal was Enhanced SVM Neg."
137,wrong,I bought this rig for my wife and a big reason I chose this one is it said it has wireless display and I wanted my wife to be able to get netflix on the TV. Well this is simply not true. IF you buy an HD cable you can have a cabled display but there is simply no way I've found to hook up wireless to the TV.,neu,neg,0.7129,RoBERTa,"Enhanced RoBERTa Neg = 0.6834 (contribution: 0.597);
Enhanced RoBERTa Pos = 0.0331 (contribution: 0.4535);
Enhanced VADER Compound = -0.4881 (contribution: 0.2675);
Enhanced NB Neg = 0.4057 (contribution: 0.0279);
Enhanced NB Neu = 0.2959 (contribution: 0.0209)","Enhanced SVM Neg = 0.3329 (contribution: -0.0008);
Enhanced VADER Neg = 0.085 (contribution: -0.0003);
Enhanced SVM Neu = 0.3653 (contribution: -0.0001)","The meta model predicted 'neg' mainly because the strongest supporting signals came from RoBERTa. The top supporting features were Enhanced RoBERTa Neg, Enhanced RoBERTa Pos, Enhanced VADER Compound, Enhanced NB Neg, Enhanced NB Neu. The main opposing signal was Enhanced SVM Neg."
140,wrong,"I think that this book is really good, and I would recommend everyone to read it. I am really annoyed about the ending though, and I don't think he should have tried to avoid the happy ending by making up all of that stuff about can't live in different worlds and stupid stuff. Otherwise, I think it was a brilliant book to end a brilliant series.",pos,neu,0.5261,VADER,"Enhanced VADER Compound = 0.8876 (contribution: 0.1772);
Enhanced RoBERTa Neu = 0.4898 (contribution: 0.0958);
Enhanced VADER Neg = 0.111 (contribution: 0.0316);
Enhanced SVM Neg = 0.2991 (contribution: 0.0195);
Enhanced RoBERTa Pos = 0.2606 (contribution: 0.0188)","Enhanced NB Pos = 0.4619 (contribution: -0.0965);
Enhanced NB Neg = 0.2544 (contribution: -0.0281);
Enhanced VADER Pos = 0.235 (contribution: -0.0252);
Enhanced SVM Pos = 0.3591 (contribution: -0.0156);
Enhanced NB Neu = 0.2837 (contribution: -0.0155)","The meta model predicted 'neu' mainly because the strongest supporting signals came from VADER. The top supporting features were Enhanced VADER Compound, Enhanced RoBERTa Neu, Enhanced VADER Neg, Enhanced SVM Neg, Enhanced RoBERTa Pos. The main opposing signal was Enhanced NB Pos."
142,wrong,"Now Face to Face and it's predecessor Through a Glass Darkly have joined my collection of favorite historical fiction. Contrary to the other opinion that the political intrigue of the novel was hard to follow, I felt that, for the first time, I was truly able to understand this period of English upheaval. I was reading these novels for the ""fiction"" and not for the ""romance"" so I didn't notice if there was romance missing. I didn't feel there was anything missing, actually. The only thing missing is a third book! Ms. Koen, is it on it's way?",pos,neu,0.5449,RoBERTa,"Enhanced RoBERTa Neu = 0.5742 (contribution: 0.1399);
Enhanced VADER Compound = 0.5255 (contribution: 0.0716);
Enhanced RoBERTa Pos = 0.1111 (contribution: 0.053);
Enhanced SVM Neu = 0.3705 (contribution: 0.0288);
Enhanced SVM Pos = 0.2257 (contribution: 0.027)","Enhanced NB Pos = 0.4347 (contribution: -0.0794);
Enhanced SVM Neg = 0.4037 (contribution: -0.0327);
Enhanced NB Neg = 0.2574 (contribution: -0.0272);
Enhanced NB Neu = 0.3079 (contribution: -0.0099);
Enhanced VADER Neu = 0.788 (contribution: -0.0033)","The meta model predicted 'neu' mainly because the strongest supporting signals came from RoBERTa. The top supporting features were Enhanced RoBERTa Neu, Enhanced VADER Compound, Enhanced RoBERTa Pos, Enhanced SVM Neu, Enhanced SVM Pos. The main opposing signal was Enhanced NB Pos."
143,wrong,"I haven't had these i a long time but at one time I owned two pairs. The surround sound quality was good and the worked as they were designed especially for the price. They were comfortable for extended wear as at the time I gamed for hours on most nights. The problem is construction and durability. Both pairs broke at the same spots at the second bend in the head band where the fold up. You can super glue and tape to repair the damage but it won't last long. There is too much stress on the head band in the way the ear pads press against the ear. Expect them to break, just a matter of time. I babied each of my two pairs but that didn't matter.",neu,neg,0.5878,RoBERTa,"Enhanced RoBERTa Pos = 0.0393 (contribution: 0.4444);
Enhanced RoBERTa Neg = 0.585 (contribution: 0.4205);
Enhanced VADER Compound = -0.7932 (contribution: 0.3737);
Enhanced NB Pos = 0.176 (contribution: 0.0283);
Enhanced VADER Pos = 0.076 (contribution: 0.0121)","Enhanced NB Neu = 0.6351 (contribution: -0.108);
Enhanced NB Neg = 0.1889 (contribution: -0.0653);
Enhanced RoBERTa Neu = 0.3757 (contribution: -0.0468);
Enhanced SVM Neg = 0.3052 (contribution: -0.0049);
Enhanced VADER Neg = 0.112 (contribution: -0.0016)","The meta model predicted 'neg' mainly because the strongest supporting signals came from RoBERTa. The top supporting features were Enhanced RoBERTa Pos, Enhanced RoBERTa Neg, Enhanced VADER Compound, Enhanced NB Pos, Enhanced VADER Pos. The main opposing signal was Enhanced NB Neu."
146,wrong,This book appeared to be pieced together from all his other books. No innovation. I love Dirk Pitt novels and have read them all. This might be my last.,neu,pos,0.8177,RoBERTa,"Enhanced RoBERTa Pos = 0.7636 (contribution: 0.7125);
Enhanced RoBERTa Neg = 0.0273 (contribution: 0.6082);
Enhanced SVM Neu = 0.2088 (contribution: 0.2159);
Enhanced NB Pos = 0.5594 (contribution: 0.2113);
Enhanced NB Neg = 0.1879 (contribution: 0.1155)","Enhanced RoBERTa Neu = 0.2091 (contribution: -0.0152);
Enhanced NB Neu = 0.2527 (contribution: -0.0148)","The meta model predicted 'pos' mainly because the strongest supporting signals came from RoBERTa. The top supporting features were Enhanced RoBERTa Pos, Enhanced RoBERTa Neg, Enhanced SVM Neu, Enhanced NB Pos, Enhanced NB Neg. The main opposing signal was Enhanced RoBERTa Neu."
149,wrong,"In this collection, editors Joseph Corre and Serena Rees attempt to put together a brief history of erotica, particularly subversive erotica. The diversity and quality of the illustrations make this book a nice find. The idea of the text is quite interesting--a historical and social survey of erotica--but still leaves something to be desired. The text is a little too light and doesn't seem particularly well researched.",pos,neu,0.4806,RoBERTa,"Enhanced RoBERTa Neu = 0.5959 (contribution: 0.1513);
Enhanced RoBERTa Pos = 0.1621 (contribution: 0.0413);
Enhanced VADER Pos = 0.071 (contribution: 0.038);
Enhanced SVM Neg = 0.2916 (contribution: 0.0233)","Enhanced NB Pos = 0.4783 (contribution: -0.1067);
Enhanced NB Neg = 0.1946 (contribution: -0.0476);
Enhanced VADER Compound = 0.172 (contribution: -0.0315);
Enhanced VADER Neg = 0.061 (contribution: -0.0159);
Enhanced SVM Pos = 0.3593 (contribution: -0.0157)","The meta model predicted 'neu' mainly because the strongest supporting signals came from RoBERTa. The top supporting features were Enhanced RoBERTa Neu, Enhanced RoBERTa Pos, Enhanced VADER Pos, Enhanced SVM Neg. The main opposing signal was Enhanced NB Pos."
150,wrong,This was a gift. Quality seems ok. Not great but ok. The stencil seems faded.,pos,neu,0.5139,SVM,"Enhanced SVM Neu = 0.5164 (contribution: 0.2508);
Enhanced VADER Neg = 0.271 (contribution: 0.1835);
Enhanced RoBERTa Pos = 0.0366 (contribution: 0.0701);
Enhanced NB Pos = 0.2163 (contribution: 0.0577);
Enhanced SVM Neg = 0.2603 (contribution: 0.0389)","Enhanced VADER Compound = -0.0892 (contribution: -0.1077);
Enhanced VADER Pos = 0.302 (contribution: -0.051);
Enhanced NB Neg = 0.3046 (contribution: -0.0118)","The meta model predicted 'neu' mainly because the strongest supporting signals came from SVM. The top supporting features were Enhanced SVM Neu, Enhanced VADER Neg, Enhanced RoBERTa Pos, Enhanced NB Pos, Enhanced SVM Neg. The main opposing signal was Enhanced VADER Compound."
152,wrong,Nice unit for the price. Tripod adapter was NOT included in the package.,neu,neg,0.4122,RoBERTa,"Enhanced RoBERTa Pos = 0.1007 (contribution: 0.3545);
Enhanced RoBERTa Neg = 0.419 (contribution: 0.123);
Enhanced NB Neu = 0.2295 (contribution: 0.0462);
Enhanced SVM Neg = 0.4459 (contribution: 0.0161);
Enhanced VADER Neu = 0.811 (contribution: 0.0085)","Enhanced RoBERTa Neu = 0.4802 (contribution: -0.1177);
Enhanced NB Neg = 0.2103 (contribution: -0.0561);
Enhanced NB Pos = 0.5602 (contribution: -0.0539);
Enhanced VADER Compound = 0.4215 (contribution: -0.0492);
Enhanced SVM Pos = 0.3451 (contribution: -0.0044)","The meta model predicted 'neg' mainly because the strongest supporting signals came from RoBERTa. The top supporting features were Enhanced RoBERTa Pos, Enhanced RoBERTa Neg, Enhanced NB Neu, Enhanced SVM Neg, Enhanced VADER Neu. The main opposing signal was Enhanced RoBERTa Neu."
153,wrong,"I've known about this book for a while now, but I've never bothered paying attention to it given it's somewhat ridiculous price tag. Necessity forced me to forgo my earlier conclusions however, and I'm now angry at myself for not picking it up sooner. However much you think you know about Quartz, there's always more to learn, and this book is a whole lot easier to pick new tricks up from than Apple's scant free documentation. It's a bit dated when it comes to the XCode specific info, but unless you're a total newcomer you should be able to fill in the proverbial gaps there without much trouble.This is the second book on OS X programming that I have felt is truly worth owning; the first being Amit Singh's ""Mac OS X Internals."" This one's not as thick, nor is it hardbound, but there are lots of color plates. Good stuff.",pos,neu,0.5591,VADER,"Enhanced VADER Compound = 0.824 (contribution: 0.1586);
Enhanced NB Pos = 0.1796 (contribution: 0.0808);
Enhanced NB Neu = 0.6321 (contribution: 0.0647);
Enhanced RoBERTa Pos = 0.064 (contribution: 0.0638);
Enhanced RoBERTa Neu = 0.3908 (contribution: 0.044)","Enhanced NB Neg = 0.1883 (contribution: -0.0497);
Enhanced SVM Neg = 0.3707 (contribution: -0.0163);
Enhanced VADER Neu = 0.799 (contribution: -0.0044);
Enhanced SVM Neu = 0.3507 (contribution: -0.0014)","The meta model predicted 'neu' mainly because the strongest supporting signals came from VADER. The top supporting features were Enhanced VADER Compound, Enhanced NB Pos, Enhanced NB Neu, Enhanced RoBERTa Pos, Enhanced RoBERTa Neu. The main opposing signal was Enhanced NB Neg."
156,wrong,"Reviewer: Chuck Spicer from Champaign, IL USA Brian distorts the Dune serious making unbelievable leaps and writing things that any Dune fan know just couldn't be or clash with Frank's vision. The characters are one dimensional and the story line is preposterous. It's as badly written as star trek books. This book might be entertaining to those looking for a fun read but anybody who holds Dune true and dear to their hearts will dislike this. This was obviously a tool to fatten his pockets. He should have listened to his father when he wrote ""YOu don't write for success."" Let Brian have his fun with the prequels but let us all hope he doesn't truely desicrate Dune by attempting Dune 7.",neu,neg,0.6416,RoBERTa,"Enhanced RoBERTa Neg = 0.8311 (contribution: 0.8618);
Enhanced RoBERTa Pos = 0.0115 (contribution: 0.4851);
Enhanced NB Neg = 0.6045 (contribution: 0.1134);
Enhanced RoBERTa Neu = 0.1573 (contribution: 0.1014);
Enhanced NB Neu = 0.2351 (contribution: 0.0441)","Enhanced VADER Compound = 0.9403 (contribution: -0.2299);
Enhanced VADER Pos = 0.181 (contribution: -0.0015)","The meta model predicted 'neg' mainly because the strongest supporting signals came from RoBERTa. The top supporting features were Enhanced RoBERTa Neg, Enhanced RoBERTa Pos, Enhanced NB Neg, Enhanced RoBERTa Neu, Enhanced NB Neu. The main opposing signal was Enhanced VADER Compound."
157,wrong,"This book was exactly as described by the author, a common sense approach for finding fish in a lake. The methods that are described are good for newcomer to the sport, but are otherwise ""common sense"" for anglers with some experience. The same information could easily be gleaned from a couple of articles on fishing in Outdoor Life, etc. Overall, this was not helpful for me, but could be for a novice.",neu,neg,0.5358,RoBERTa,"Enhanced RoBERTa Pos = 0.0378 (contribution: 0.4466);
Enhanced RoBERTa Neg = 0.5477 (contribution: 0.3537);
Enhanced NB Neu = 0.2371 (contribution: 0.0433);
Enhanced VADER Neu = 0.89 (contribution: 0.02);
Enhanced VADER Pos = 0.069 (contribution: 0.013)","Enhanced RoBERTa Neu = 0.4144 (contribution: -0.0731);
Enhanced NB Pos = 0.5229 (contribution: -0.0459);
Enhanced NB Neg = 0.24 (contribution: -0.0433);
Enhanced SVM Pos = 0.5809 (contribution: -0.0343);
Enhanced SVM Neg = 0.1854 (contribution: -0.0228)","The meta model predicted 'neg' mainly because the strongest supporting signals came from RoBERTa. The top supporting features were Enhanced RoBERTa Pos, Enhanced RoBERTa Neg, Enhanced NB Neu, Enhanced VADER Neu, Enhanced VADER Pos. The main opposing signal was Enhanced RoBERTa Neu."
160,wrong,"Just don't know. ?? It worked at first. I read so many reviews and this appears to be the one I need for my ONE HDMI input Sony 26"" TV (2005) I wanted to run my Sony DVD player and Yamaha receiver to it and out to TV. I haven't tried it with the remote. I had family visiting and needed the set-up in BR. But it only worked initially. I'm going to read more of the reviews, when I have time. Some people are really good with solutions and advice. Thanks! I could give it ONE star....but withholding that for now.",neg,pos,0.5584,RoBERTa,"Enhanced RoBERTa Pos = 0.7555 (contribution: 0.6988);
Enhanced RoBERTa Neg = 0.0194 (contribution: 0.6231);
Enhanced SVM Neu = 0.2775 (contribution: 0.112);
Enhanced VADER Neg = 0.0 (contribution: 0.0703);
Enhanced VADER Compound = 0.905 (contribution: 0.0353)","Enhanced NB Neg = 0.6251 (contribution: -0.2148);
Enhanced NB Pos = 0.1628 (contribution: -0.1224);
Enhanced VADER Pos = 0.109 (contribution: -0.0312);
Enhanced NB Neu = 0.2121 (contribution: -0.0208);
Enhanced RoBERTa Neu = 0.2251 (contribution: -0.0127)","The meta model predicted 'pos' mainly because the strongest supporting signals came from RoBERTa. The top supporting features were Enhanced RoBERTa Pos, Enhanced RoBERTa Neg, Enhanced SVM Neu, Enhanced VADER Neg, Enhanced VADER Compound. The main opposing signal was Enhanced NB Neg."
164,wrong,Esy to use very long wire.,pos,neu,0.6083,SVM,"Enhanced SVM Neu = 0.489 (contribution: 0.2091);
Enhanced RoBERTa Neu = 0.699 (contribution: 0.2052);
Enhanced SVM Neg = 0.2028 (contribution: 0.0677);
Enhanced VADER Pos = 0.0 (contribution: 0.0654);
Enhanced RoBERTa Pos = 0.093 (contribution: 0.0572)","Enhanced VADER Compound = 0.0 (contribution: -0.0817);
Enhanced VADER Neg = 0.0 (contribution: -0.0738);
Enhanced VADER Neu = 1.0 (contribution: -0.0233);
Enhanced NB Pos = 0.3412 (contribution: -0.0207);
Enhanced NB Neg = 0.2803 (contribution: -0.0197)","The meta model predicted 'neu' mainly because the strongest supporting signals came from SVM. The top supporting features were Enhanced SVM Neu, Enhanced RoBERTa Neu, Enhanced SVM Neg, Enhanced VADER Pos, Enhanced RoBERTa Pos. The main opposing signal was Enhanced VADER Compound."
165,wrong,"One edge of the band is pretty rough. Some of the stitching on the inside is not great and required a bit of trimming to make comfortable against my skin. My main complaint though is that the included pins were the wrong size. If you look at the photo I uploaded you can see one of the pins sitting on top of the band, they are the same size, that's not going to work! Luckily I could just use the pins that were already in my watch but I did buy this band specifically to have a back up set. On the positive side this band does include a pin removal tool which is quite well made and works great.",neu,neg,0.5102,RoBERTa,"Enhanced RoBERTa Neg = 0.6616 (contribution: 0.5579);
Enhanced RoBERTa Pos = 0.0284 (contribution: 0.4603);
Enhanced NB Neu = 0.2571 (contribution: 0.0357);
Enhanced VADER Neu = 0.794 (contribution: 0.006);
Enhanced VADER Neg = 0.045 (contribution: 0.0015)","Enhanced VADER Compound = 0.9416 (contribution: -0.2303);
Enhanced NB Pos = 0.4871 (contribution: -0.0382);
Enhanced NB Neg = 0.2558 (contribution: -0.0365);
Enhanced SVM Pos = 0.3733 (contribution: -0.008);
Enhanced SVM Neg = 0.2888 (contribution: -0.0074)","The meta model predicted 'neg' mainly because the strongest supporting signals came from RoBERTa. The top supporting features were Enhanced RoBERTa Neg, Enhanced RoBERTa Pos, Enhanced NB Neu, Enhanced VADER Neu, Enhanced VADER Neg. The main opposing signal was Enhanced VADER Compound."
166,wrong,"Seems like the prophet of cybernetics outsourced the writing of this history to a commodore 64. As I read this, I kept wondering if, perhaps, it was intended for youngsters? It's not bad, but quite light, and not up to Asimov's customary standard. I was puzzled that he dismissed Philip's assassination with a couple of sentences, that the internal conspiracies against Alexander aren't analyzed...Description of tactics and battles are simplistic. I suppose that when an author is so prolific and so eclectic, at some point, that limitations are unavoidable.",neg,neu,0.5213,RoBERTa,"Enhanced SVM Neu = 0.4625 (contribution: 0.1687);
Enhanced RoBERTa Neu = 0.6151 (contribution: 0.1613);
Enhanced NB Pos = 0.1759 (contribution: 0.0831);
Enhanced NB Neu = 0.6261 (contribution: 0.0633);
Enhanced RoBERTa Pos = 0.0797 (contribution: 0.0602)","Enhanced VADER Compound = -0.8442 (contribution: -0.3279);
Enhanced NB Neg = 0.198 (contribution: -0.0465);
Enhanced SVM Neg = 0.3771 (contribution: -0.0195);
Enhanced VADER Neu = 0.831 (contribution: -0.0074);
Enhanced RoBERTa Neg = 0.3053 (contribution: -0.004)","The meta model predicted 'neu' mainly because the strongest supporting signals came from RoBERTa. The top supporting features were Enhanced SVM Neu, Enhanced RoBERTa Neu, Enhanced NB Pos, Enhanced NB Neu, Enhanced RoBERTa Pos. The main opposing signal was Enhanced VADER Compound."
167,wrong,This shirt is a nice color and the material is OK. But I bought as a set to go with the big/lil sis shirt/onesie from this company and this shirt is cut totally differently. It is not fitted like the other 2 girl cut shirts I received. It's boxy and boyish and runs wide and short. I'm disappointed my middle daughter won't look coordinated with the other shirts advertised as the same from this company,neu,neg,0.7839,RoBERTa,"Enhanced RoBERTa Neg = 0.8262 (contribution: 0.8529);
Enhanced RoBERTa Pos = 0.0104 (contribution: 0.4868);
Enhanced VADER Compound = -0.8634 (contribution: 0.3981);
Enhanced RoBERTa Neu = 0.1634 (contribution: 0.0973);
Enhanced NB Pos = 0.1698 (contribution: 0.0296)","Enhanced NB Neu = 0.4416 (contribution: -0.0344);
Enhanced VADER Neg = 0.178 (contribution: -0.0046);
Enhanced VADER Neu = 0.736 (contribution: -0.0024);
Enhanced SVM Neu = 0.4379 (contribution: -0.001)","The meta model predicted 'neg' mainly because the strongest supporting signals came from RoBERTa. The top supporting features were Enhanced RoBERTa Neg, Enhanced RoBERTa Pos, Enhanced VADER Compound, Enhanced RoBERTa Neu, Enhanced NB Pos. The main opposing signal was Enhanced NB Neu."
174,wrong,"These books are just plain BAD. Sterling LOVED dressage in #26, hated it in #27, Now she loves it again . In this book, Sterling was eager to jump. I thought she couldn't get over a 2 foot vertical??! I LOVE TO JUMP, but Christina is obsessed. It's all she thinks about. She doesn't remember how to have fun on a horse. She also thinks everybody else has to be as serious about riding as she is. What if Dylan was as serious about soccar as she is about riding?? Would she even care????? My advice to the authers: Bring Sammy back and drop Christina and only do books about Melanie and racing!!!!!!!!",neg,neu,0.5425,SVM,"Enhanced SVM Neu = 0.453 (contribution: 0.1543);
Enhanced VADER Compound = 0.768 (contribution: 0.1423);
Enhanced NB Pos = 0.1976 (contribution: 0.0695);
Enhanced RoBERTa Pos = 0.0694 (contribution: 0.0626);
Enhanced NB Neg = 0.5172 (contribution: 0.0575)","Enhanced NB Neu = 0.2852 (contribution: -0.0151);
Enhanced VADER Neu = 0.766 (contribution: -0.0013)","The meta model predicted 'neu' mainly because the strongest supporting signals came from SVM. The top supporting features were Enhanced SVM Neu, Enhanced VADER Compound, Enhanced NB Pos, Enhanced RoBERTa Pos, Enhanced NB Neg. The main opposing signal was Enhanced NB Neu."
176,wrong,Backing not on properly,neu,neg,0.7214,RoBERTa,"Enhanced RoBERTa Neg = 0.6674 (contribution: 0.5682);
Enhanced RoBERTa Pos = 0.0424 (contribution: 0.4399);
Enhanced VADER Compound = 0.0258 (contribution: 0.0885);
Enhanced SVM Neg = 0.7478 (contribution: 0.0611);
Enhanced SVM Pos = 0.0891 (contribution: 0.028)","Enhanced VADER Pos = 0.268 (contribution: -0.0127);
Enhanced VADER Neu = 0.732 (contribution: -0.003)","The meta model predicted 'neg' mainly because the strongest supporting signals came from RoBERTa. The top supporting features were Enhanced RoBERTa Neg, Enhanced RoBERTa Pos, Enhanced VADER Compound, Enhanced SVM Neg, Enhanced SVM Pos. The main opposing signal was Enhanced VADER Pos."
179,wrong,"As the straight as-yet-not-ex-wife of a transvestite man, I am trying to find readings to help me explain my situation to myself, as well as to friends or relatives. _Read My Lips_ is a serious book not written with the affectation that seems to afflict many male-to-female writers. While I still don't share the author's belief that all gender classification is oppressive, Riki does a good job explaining why some people do. I was particularly taken with her understanding that being female in this society is not all sweetness and makeup, and her willingness to point out the ways all the different kinds of gender outlaws she has encountered oppress one another. Not recommended as the first book to give your elderly mother or father; some familiarity with the rhetoric of feminism and liberation is helpful.",pos,neu,0.659,RoBERTa,"Enhanced RoBERTa Neu = 0.6896 (contribution: 0.2003);
Enhanced VADER Compound = 0.8172 (contribution: 0.1566);
Enhanced NB Pos = 0.2199 (contribution: 0.0555);
Enhanced SVM Neu = 0.3812 (contribution: 0.0449);
Enhanced RoBERTa Pos = 0.1809 (contribution: 0.037)","Enhanced SVM Neg = 0.4183 (contribution: -0.04);
Enhanced RoBERTa Neg = 0.1295 (contribution: -0.0198);
Enhanced VADER Neg = 0.069 (contribution: -0.0083);
Enhanced VADER Neu = 0.81 (contribution: -0.0054)","The meta model predicted 'neu' mainly because the strongest supporting signals came from RoBERTa. The top supporting features were Enhanced RoBERTa Neu, Enhanced VADER Compound, Enhanced NB Pos, Enhanced SVM Neu, Enhanced RoBERTa Pos. The main opposing signal was Enhanced SVM Neg."
180,wrong,Does not work with CFLs,neu,neg,0.7639,RoBERTa,"Enhanced RoBERTa Neg = 0.8684 (contribution: 0.9287);
Enhanced RoBERTa Pos = 0.0112 (contribution: 0.4856);
Enhanced VADER Compound = -0.6369 (contribution: 0.3193);
Enhanced NB Neg = 0.642 (contribution: 0.1295);
Enhanced RoBERTa Neu = 0.1204 (contribution: 0.1265)","Enhanced VADER Neu = 0.323 (contribution: -0.0625);
Enhanced VADER Neg = 0.677 (contribution: -0.0273)","The meta model predicted 'neg' mainly because the strongest supporting signals came from RoBERTa. The top supporting features were Enhanced RoBERTa Neg, Enhanced RoBERTa Pos, Enhanced VADER Compound, Enhanced NB Neg, Enhanced RoBERTa Neu. The main opposing signal was Enhanced VADER Neu."
182,wrong,"Sure the technical merits of good graphics, etc are a plus but do not garner the poorly thought out product 5 stars. After using KVM's for years I have never had the problems like I have had with this. Other manufacturers manage to use Ctrl keys for their hotkey functions without the problems that this box plagues you with. While this box may have garnered rave reviews from the folks who want to play Linux, etc., I have to say to use this on a primary production machine will eventually drive you nuts. If you are always using constant Ctrl or Shift operations to mass select items you will constantly find that your key press was not registered. In addition, sometimes your mouse will just freeze until you click a button again. Oh well, the same goes for all Linksys products... they are a bit cheaper than what you would normally pay *but* you get what you pay for. Suitable for home or dorm but not for an all day production machine.",neg,neu,0.6042,SVM,"Enhanced VADER Compound = 0.9303 (contribution: 0.1896);
Enhanced SVM Neu = 0.4455 (contribution: 0.1428);
Enhanced NB Neg = 0.5744 (contribution: 0.0761);
Enhanced NB Pos = 0.1914 (contribution: 0.0734);
Enhanced RoBERTa Neu = 0.4429 (contribution: 0.0712)","Enhanced VADER Neg = 0.034 (contribution: -0.0416);
Enhanced NB Neu = 0.2342 (contribution: -0.0269);
Enhanced VADER Neu = 0.838 (contribution: -0.0081)","The meta model predicted 'neu' mainly because the strongest supporting signals came from SVM. The top supporting features were Enhanced VADER Compound, Enhanced SVM Neu, Enhanced NB Neg, Enhanced NB Pos, Enhanced RoBERTa Neu. The main opposing signal was Enhanced VADER Neg."
184,wrong,GARABAGE - DON'T BUY!,pos,neg,0.7034,RoBERTa,"Enhanced RoBERTa Pos = 0.0414 (contribution: 0.4414);
Enhanced RoBERTa Neg = 0.5858 (contribution: 0.422);
Enhanced NB Neg = 0.6322 (contribution: 0.1253);
Enhanced VADER Compound = 0.0 (contribution: 0.0975);
Enhanced NB Neu = 0.2138 (contribution: 0.0522)",Enhanced RoBERTa Neu = 0.3728 (contribution: -0.0448),"The meta model predicted 'neg' mainly because the strongest supporting signals came from RoBERTa. The top supporting features were Enhanced RoBERTa Pos, Enhanced RoBERTa Neg, Enhanced NB Neg, Enhanced VADER Compound, Enhanced NB Neu. The main opposing signal was Enhanced RoBERTa Neu."
185,wrong,It was a good choice. Yes I would recommend it for those who enjoy the civil war times of history,neu,pos,0.8037,RoBERTa,"Enhanced RoBERTa Pos = 0.8329 (contribution: 0.83);
Enhanced RoBERTa Neg = 0.0104 (contribution: 0.6401);
Enhanced NB Pos = 0.5713 (contribution: 0.2214);
Enhanced VADER Pos = 0.43 (contribution: 0.134);
Enhanced NB Neg = 0.192 (contribution: 0.1124)","Enhanced VADER Neg = 0.14 (contribution: -0.0562);
Enhanced SVM Neg = 0.1847 (contribution: -0.0538);
Enhanced RoBERTa Neu = 0.1567 (contribution: -0.0233);
Enhanced NB Neu = 0.2367 (contribution: -0.0172)","The meta model predicted 'pos' mainly because the strongest supporting signals came from RoBERTa. The top supporting features were Enhanced RoBERTa Pos, Enhanced RoBERTa Neg, Enhanced NB Pos, Enhanced VADER Pos, Enhanced NB Neg. The main opposing signal was Enhanced VADER Neg."
190,wrong,"This is an OK book for a beginner who knows little or nothing about networking. It does describe the various types of home networking available today, with a lot of information about wireless technologies. It could have been better organized by covering ethernet and wireless in separate sections. It is neither very clear for one getting started in home networking nor very helpful for one with basic knowledge who is looking to establish a more complex home network. It is an easy read and the ""tips"" inserts are helpful--really the best informative parts of the book. However, unless you are brand new to computers and networking, that is about all that is useful. Otherwise, save your money.",neg,neu,0.6311,Naive Bayes,"Enhanced VADER Compound = 0.9508 (contribution: 0.1956);
Enhanced NB Pos = 0.1522 (contribution: 0.098);
Enhanced NB Neg = 0.618 (contribution: 0.0903);
Enhanced RoBERTa Neu = 0.4768 (contribution: 0.0889);
Enhanced SVM Neu = 0.3999 (contribution: 0.0735)","Enhanced VADER Neg = 0.038 (contribution: -0.0378);
Enhanced NB Neu = 0.2298 (contribution: -0.0279);
Enhanced RoBERTa Neg = 0.0819 (contribution: -0.024);
Enhanced RoBERTa Pos = 0.4413 (contribution: -0.0225);
Enhanced SVM Pos = 0.3773 (contribution: -0.0215)","The meta model predicted 'neu' mainly because the strongest supporting signals came from Naive Bayes. The top supporting features were Enhanced VADER Compound, Enhanced NB Pos, Enhanced NB Neg, Enhanced RoBERTa Neu, Enhanced SVM Neu. The main opposing signal was Enhanced VADER Neg."
199,wrong,Toe seam,neg,neu,0.4764,RoBERTa,"Enhanced RoBERTa Neu = 0.5953 (contribution: 0.151);
Enhanced VADER Pos = 0.0 (contribution: 0.0654);
Enhanced RoBERTa Pos = 0.1554 (contribution: 0.0429)","Enhanced VADER Compound = 0.0 (contribution: -0.0817);
Enhanced VADER Neg = 0.0 (contribution: -0.0738);
Enhanced SVM Neu = 0.3267 (contribution: -0.0379);
Enhanced VADER Neu = 1.0 (contribution: -0.0233);
Enhanced SVM Neg = 0.3595 (contribution: -0.0106)","The meta model predicted 'neu' mainly because the strongest supporting signals came from RoBERTa. The top supporting features were Enhanced RoBERTa Neu, Enhanced VADER Pos, Enhanced RoBERTa Pos. The main opposing signal was Enhanced VADER Compound."
